row,y,p
1,0,0.020927240088238073
9,0,0.027078473801280666
16,0,0.02863073833510156
18,0,0.023777825390335947
55,0,0.02260296547609568
60,0,0.024713662390246957
66,0,0.025062329818414546
67,0,0.031571636418977526
75,1,0.018421161563953372
78,0,0.02457986713749907
83,1,0.0233945615165282
84,0,0.0357095630066572
100,0,0.027224595304867222
108,0,0.02383209645188428
115,0,0.026794044607460585
120,0,0.020174613577946355
128,0,0.038047198604638746
130,0,0.029119337785642792
141,0,0.03082358835050914
143,0,0.024574262684034735
146,0,0.020763060114120036
148,0,0.02470617369793094
150,0,0.01951803474867663
156,0,0.021906800046532716
158,0,0.030530600400120185
159,0,0.026254862995748203
160,0,0.033001270734585544
161,0,0.02038798173301402
164,0,0.019769640729024696
166,0,0.02560269973913622
167,0,0.02458144492764867
168,0,0.029180304460541092
179,0,0.02480740405104365
184,0,0.020636988367479788
192,0,0.03017615782495518
195,0,0.02463645419106187
196,0,0.023008297632536204
197,0,0.021166336440432483
198,0,0.021274615134891973
199,0,0.028515655758852444
203,0,0.03313623215866557
204,0,0.02342406943252512
209,0,0.03043502318811793
212,0,0.032387082644519775
213,0,0.03577213174073005
221,0,0.026487188036428636
226,0,0.03274255532168663
232,0,0.02081477957970773
234,0,0.02474835550220746
241,0,0.032319729728443214
244,0,0.026266012432595427
246,0,0.03238462782329702
250,0,0.028250351833361217
255,0,0.025409474681087722
264,0,0.03266432767712568
268,0,0.030039950935169295
275,0,0.019617462765441362
278,0,0.030115105667501935
282,0,0.02800374308878476
283,0,0.023519101013625993
288,0,0.021807079477853934
289,0,0.026561333306884066
294,0,0.030622773896414726
304,0,0.028806571606755992
305,0,0.025898302952014212
308,0,0.0309654048663297
309,0,0.0247237801037331
312,0,0.030482528872762846
314,0,0.02439888037072534
317,0,0.04620545727363154
321,0,0.03512649762510726
327,0,0.03052851175535432
343,0,0.024353527022072774
345,0,0.028730858658684903
347,0,0.01998187831810205
365,0,0.04152354450494708
370,0,0.031434876347419254
371,0,0.03200184871975109
372,0,0.0388986881947544
378,0,0.03581026908866609
382,0,0.04376911614285006
393,0,0.038451056564793
398,0,0.038123523303250424
399,0,0.024994641472309304
411,0,0.03806166805748552
413,0,0.07360043951982985
415,0,0.025298800809703172
421,0,0.03571945570690913
426,0,0.04239346744272699
430,0,0.03697635999731316
446,1,0.03812482169094378
456,0,0.028292789934808084
469,1,0.04079685734828367
474,0,0.030712271492229572
492,0,0.031100620257785906
499,0,0.032626996945816986
500,0,0.031175704839398303
501,0,0.03730835434049219
503,0,0.023627521695417198
507,0,0.03295498400053959
510,0,0.0329321196930054
516,0,0.028689397826953067
519,0,0.04191402842034535
527,0,0.03485077566638563
535,0,0.026829019969345842
537,0,0.028303502886642427
538,0,0.037031273832919216
546,0,0.04121992594227958
553,0,0.05276052658315396
558,0,0.028232322342160988
569,0,0.033635677533256005
570,0,0.037586056544913954
582,0,0.03275356096060091
583,0,0.04184856355541226
587,0,0.031047753966006984
600,0,0.042823123966502626
602,0,0.03127746447337633
612,0,0.03529952599520246
622,0,0.03825808287337713
627,0,0.03513588765083832
628,0,0.031490592616760085
632,0,0.03783395845853505
640,0,0.029388522878919257
658,0,0.02897784219103888
667,0,0.044375175057024076
674,0,0.03174945537769166
676,0,0.032858497219604106
679,0,0.02897784219103888
680,0,0.02994854168677745
684,0,0.03347313730001496
685,0,0.029782950058620476
692,0,0.0492320007783472
694,0,0.03110378548987045
701,0,0.03072256252365934
705,0,0.0400118403625004
706,0,0.04111763640684096
707,0,0.025401240355875047
712,0,0.04060192317826493
713,0,0.04154889138097518
720,0,0.03917194714200431
731,0,0.02660565872693949
733,0,0.02906391177212582
735,0,0.024872664647572783
740,0,0.03592680736583909
742,0,0.027813099138488506
745,0,0.02702987101859585
751,0,0.031408366619236724
753,0,0.03928915203918957
769,0,0.04181047622050286
783,0,0.04385641229599736
787,0,0.03342128637914888
792,0,0.042136285579629694
795,0,0.04103871883829728
798,0,0.036235974457161375
799,0,0.030399543867350543
800,0,0.02942659207946459
801,0,0.03460946132738001
812,0,0.03539584119134191
821,0,0.03662310635158817
822,0,0.0423164286158523
823,0,0.04586115276239896
829,0,0.0430624067024154
838,0,0.03987890070730016
851,0,0.033758248634853306
863,0,0.046037400846180965
868,0,0.039512058302128235
870,1,0.02806995475252823
872,0,0.035448964804722365
878,0,0.03141880136504254
879,0,0.027923402428700828
883,0,0.04258732558099625
886,0,0.04015764043685474
888,0,0.042192009914331446
889,0,0.04895434892645644
895,0,0.04019951643902753
896,0,0.03297421323992607
901,0,0.03300773834009418
905,0,0.045171618817589555
906,0,0.03721872399397221
912,0,0.041883717146145825
918,0,0.03186012411423794
920,0,0.04959401204277541
923,0,0.04244750019294213
929,0,0.028092710178318922
936,0,0.031321538908879405
937,0,0.03989863869597945
941,0,0.028754431615142118
942,0,0.02767644971529615
943,0,0.02890955505023213
948,0,0.04013500778523716
950,0,0.033504316850430205
954,0,0.02787316048579198
960,0,0.037267201811684476
961,0,0.035926720756630386
965,0,0.04026600187872276
975,0,0.05307620599665276
987,0,0.03267357766950646
1002,0,0.038238020268178366
1007,0,0.02796563622412444
1008,0,0.03858591457631149
1011,0,0.04900263000129675
1016,0,0.0355084594391053
1020,0,0.0355084594391053
1026,0,0.029614873080316628
1027,0,0.0330604143260022
1032,0,0.04052068242841566
1033,0,0.03035596567232862
1034,0,0.04495736983446212
1035,0,0.02786905824080851
1040,0,0.03707108205523948
1049,0,0.04675402678755048
1067,0,0.02758051495395868
1070,0,0.027645650195584973
1077,0,0.04647180021687422
1078,1,0.03146208716705147
1082,0,0.0432801824867547
1090,0,0.03292467168126658
1093,0,0.034535085594373606
1099,0,0.040117706480059766
1101,0,0.03160054977412573
1108,0,0.034727237725700376
1109,0,0.042254886697866395
1113,0,0.04518041834920962
1115,0,0.037736579665669005
1119,0,0.04571456129812154
1126,0,0.042520476037289846
1137,0,0.04216965116457175
1138,0,0.04052068242841566
1141,0,0.027576077134616295
1146,0,0.03427402408351258
1149,0,0.0557301905245238
1150,0,0.0249854165891557
1153,0,0.033518362793238235
1155,0,0.0362431441094191
1157,0,0.033135235746046744
1161,0,0.036877091857990256
1162,0,0.03657682967596378
1166,1,0.03156520493689643
1172,0,0.027419585758314446
1176,0,0.026492988636200414
1183,0,0.03735898533966795
1190,0,0.028302564827366837
1191,0,0.03680503763623155
1193,0,0.033633982652417134
1194,0,0.030728325630152306
1195,0,0.03465260832867071
1196,0,0.029712188659054267
1200,0,0.038492740460813794
1204,0,0.030543632868811153
1207,0,0.03335035883222517
1214,0,0.032236037491889434
1219,0,0.03322438306176707
1223,0,0.029270576928901105
1227,0,0.031454914173018454
1230,0,0.030964276290431626
1235,0,0.03063539404751338
1236,0,0.03808632440189524
1254,0,0.04250158903539912
1264,0,0.03200968957943442
1276,0,0.03162652206728766
1277,0,0.04524381979331958
1285,0,0.03228471799821646
1287,0,0.030062734461566498
1292,0,0.03746559764391441
1293,0,0.038137059690083304
1294,0,0.036042665224831426
1298,0,0.03164493744602504
1304,0,0.02999189552812909
1308,0,0.03383160758167944
1314,0,0.0390797769232513
1325,0,0.0394433773441376
1327,0,0.02975704515036023
1332,0,0.03854854215279023
1333,0,0.03049762792686554
1342,0,0.03364575629565781
1343,0,0.03849143961206344
1348,1,0.03653615238189882
1351,0,0.028960020311171633
1368,0,0.039468207522721496
1369,0,0.02912706534364157
1388,0,0.028760165143178314
1390,0,0.033877225332288194
1391,0,0.04151203702248994
1394,0,0.03056520937214391
1396,1,0.038104090457466516
1403,0,0.0302848563512602
1404,0,0.03038647983534697
1406,0,0.02513737112888219
1409,0,0.03323500319933416
1410,0,0.039986149174691656
1412,0,0.03480154967019236
1418,0,0.03914471455668147
1419,0,0.03435144376286959
1429,0,0.04122544579102529
1432,0,0.03167130767260537
1435,0,0.03174370308193063
1438,0,0.03325769301209802
1454,0,0.0374565586922954
1461,0,0.038870949492572325
1465,0,0.03479639859310577
1466,0,0.02763615901432511
1475,0,0.042421801841267065
1477,0,0.04019195655171942
1479,0,0.031795063313773964
1492,0,0.03364575629565781
1496,0,0.030589705018487935
1497,0,0.02512467393820635
1509,0,0.028604499836032752
1512,0,0.029579214707809682
1523,0,0.038921446585999234
1533,0,0.03428549776734665
1536,0,0.03216125358155368
1546,0,0.04092419826203403
1549,0,0.03721933847442758
1550,0,0.03215533468699358
1555,0,0.03617543709014847
1560,0,0.025052663461467898
1562,0,0.04112809857643603
1568,0,0.03383823633965292
1569,0,0.03845309619578686
1570,0,0.04429325958986759
1573,0,0.03666825489229855
1576,0,0.03666825489229855
1582,0,0.02937886270667075
1583,0,0.03143501463174126
1591,0,0.034097754808779954
1598,0,0.03609697227179293
1608,1,0.05650314023633698
1609,0,0.030310389192649778
1618,0,0.0299862348402197
1620,0,0.031285771600415326
1622,0,0.03961425124194187
1624,0,0.03841694910764383
1632,1,0.0267126537726854
1640,0,0.029928399972691255
1644,0,0.03380608209190611
1654,0,0.02479346444113903
1658,0,0.031529829799815216
1661,0,0.028793817176399568
1663,0,0.02698911525241257
1665,0,0.049151752532990776
1666,0,0.03685317696510132
1669,0,0.03463173823559799
1672,0,0.03215576938221863
1673,0,0.03230449933532864
1677,0,0.027360733376977493
1681,0,0.038757289329902606
1687,0,0.03286084451327934
1688,0,0.037530431162041716
1694,0,0.03671258339044446
1704,0,0.031018594804564197
1711,0,0.03640054007565071
1715,0,0.028476289079441577
1716,0,0.024387804267424127
1722,0,0.033910492779030584
1727,0,0.03636420074450906
1733,0,0.03734621111085342
1738,0,0.029868453956644773
1744,0,0.03533017966945616
1746,0,0.028001988674375995
1754,0,0.029663508275432206
1755,0,0.027360733376977493
1762,0,0.038121890136709746
1764,0,0.03463003140584678
1766,0,0.035277227556276
1773,0,0.032136314329032245
1781,0,0.03761919013426846
1789,0,0.03625539209104487
1791,1,0.04012525425273966
1796,0,0.02636707433998728
1797,0,0.04067236324663089
1799,0,0.02368114257152865
1802,0,0.03711092820436432
1826,0,0.030356120533094635
1839,0,0.031285385778872785
1840,0,0.03290888308906217
1844,0,0.03929991126357834
1848,0,0.03442797801157894
1852,0,0.034741096267898834
1855,0,0.04000983296206487
1856,0,0.03867829616618357
1862,0,0.04198282145984621
1870,0,0.02816829893814659
1890,0,0.02832478086961337
1892,0,0.03882102519100178
1897,0,0.02388376951143201
1903,0,0.03707214532591294
1909,0,0.0321864537845511
1916,0,0.03180828927367395
1917,0,0.03033490418092895
1923,0,0.034845524578281196
1924,0,0.02795740522948477
1935,0,0.03472372090602629
1940,0,0.026938279908624574
1941,0,0.028982827089843077
1949,0,0.029242007384159413
1950,0,0.03430317836714574
1952,0,0.032550678439868364
1956,0,0.0303196633051885
1959,0,0.031905089150679945
1962,0,0.026177577835372917
1967,0,0.024990383680913306
1969,0,0.042042487555436214
1974,0,0.03461862345751545
1978,0,0.03711092820436432
1998,0,0.023438413683481294
2000,0,0.029580039738224095
2003,0,0.022315698556552188
2004,0,0.027324658257222172
2012,0,0.028501302044742483
2013,0,0.03315289483825778
2023,0,0.028198292780662777
2028,0,0.02955363886136189
2029,0,0.028816095671932624
2030,0,0.021160603833365366
2031,0,0.019379926330053816
2033,0,0.024036066786783595
2039,1,0.028584814450179158
2040,0,0.021142766715402765
2041,0,0.022315179030962244
2042,0,0.04706703286037738
2051,0,0.02503745527350453
2055,0,0.031074449542557846
2058,0,0.021183617299913048
2061,0,0.02481140767623838
2068,0,0.033006194144655776
2072,0,0.020584679913950108
2076,0,0.035237508168018974
2077,0,0.03169506742564027
2080,0,0.03361846211757161
2083,0,0.021098893785068122
2089,0,0.019911310708396832
2093,0,0.03294009284790056
2094,0,0.02416031033275063
2095,0,0.024898905118265913
2097,0,0.028660557814747762
2108,0,0.020352908604893364
2114,0,0.026874287295341883
2122,0,0.026036852567647924
2123,0,0.032762725310294984
2125,0,0.019707372263697696
2126,0,0.024417868093928676
2138,0,0.028355318178975988
2139,0,0.025698436978993464
2142,0,0.025591558400790086
2146,0,0.02894501496714907
2149,0,0.02192394286700659
2151,0,0.01874546659645274
2152,0,0.02827784788263418
2159,0,0.023376694284313788
2164,0,0.0247237801037331
2167,0,0.03108649074300589
2169,0,0.030559204325694974
2171,0,0.024724074214032447
2177,0,0.030235932380035125
2185,0,0.032918676006538465
2194,0,0.034634181097566226
2201,0,0.019521201819496
2202,0,0.03003003487868448
2205,0,0.024907904687457284
2215,0,0.028430609465786346
2218,0,0.02077360005706542
2222,0,0.026686141884487233
2225,0,0.026574736746742794
2227,0,0.02538415387685793
2233,0,0.02675025310670682
2238,0,0.026517289833494113
2244,0,0.03146007209961105
2246,0,0.02357868671183652
2250,0,0.027876318547118167
2257,1,0.025027949254252262
2259,0,0.02633439582021074
2264,0,0.04200254517939113
2266,0,0.02988248194434193
2271,0,0.029534505356682127
2278,0,0.026261348201630737
2291,0,0.03200579171760195
2292,0,0.04210693945842532
2296,0,0.030426697454574315
2301,0,0.03079933611338332
2306,0,0.03421131549734692
2310,0,0.03796616816356182
2334,0,0.03620426078551052
2337,0,0.04108862111331226
2359,0,0.032975647193742116
2365,0,0.042311673977134784
2373,0,0.03904020199722376
2379,0,0.029037085599027342
2388,0,0.03290285313404961
2397,0,0.04278929590330086
2404,0,0.025267318140877047
2405,0,0.03385971885859961
2409,0,0.03151645401971995
2416,0,0.031871330816201485
2423,0,0.038329287801179654
2427,0,0.026675668967715022
2432,0,0.031214004711218428
2434,0,0.03147648930263957
2438,0,0.02909184121439443
2440,0,0.036208531984027174
2444,1,0.030300162954171775
2453,0,0.04508944981633608
2454,0,0.02617539959597535
2460,0,0.04630387012829531
2468,0,0.031690522073559914
2474,0,0.03825113225567374
2477,0,0.029867461373331516
2480,0,0.028753718811593495
2485,0,0.03892382937604031
2488,0,0.03129954817887918
2492,0,0.04227162733858238
2499,0,0.0399813805945377
2502,0,0.03326379217349954
2513,0,0.04141773480844706
2519,0,0.03901243364379008
2520,0,0.04488396740252364
2521,0,0.030007865807931636
2528,0,0.029942637473337416
2531,0,0.03389243813392086
2534,0,0.027191150223368536
2541,0,0.031334602709540714
2549,0,0.04091781798234342
2550,0,0.03643049145475179
2579,0,0.04070028733720946
2580,0,0.04119084156730459
2585,0,0.03646857601989569
2594,0,0.0365652525826742
2596,0,0.024905814035695934
2598,0,0.03813679532692292
2606,0,0.03401823247669203
2610,0,0.03163392654991707
2616,0,0.03390645069956185
2619,0,0.031057663398591513
2622,0,0.03605113064492492
2624,0,0.034218236214443004
2626,0,0.028913356140450805
2627,0,0.03817494163111281
2631,0,0.04660487642346036
2632,0,0.038693905121499964
2634,0,0.03369224896107424
2640,0,0.032022410570612676
2641,0,0.04185680887025468
2652,0,0.04135604994623778
2658,0,0.04580202724477273
2661,0,0.03263045973274383
2662,0,0.03763511575455172
2668,0,0.03444022154675161
2671,0,0.03971645205388636
2673,0,0.03525214878609107
2679,0,0.04573621027989711
2684,1,0.031249489458996662
2685,0,0.048956606930194914
2692,0,0.03465545448793853
2700,0,0.049004890117235515
2705,0,0.03307506343192122
2706,0,0.03310588717233592
2709,0,0.03478102215006837
2718,0,0.03481583654594666
2723,0,0.037693538929719286
2727,0,0.029611935657467846
2735,0,0.04210885178961089
2736,0,0.044338631259765574
2747,0,0.03412849434643571
2756,0,0.03465787387127629
2759,0,0.03090505611585578
2761,0,0.032074374927844644
2762,0,0.039142642027941946
2773,0,0.03521580855787371
2775,1,0.03753563278463903
2776,0,0.03272875879437074
2780,0,0.031470205163125056
2785,0,0.035460665787067254
2786,0,0.029521220593681053
2788,0,0.03101282797116215
2790,0,0.03962123529752766
2810,0,0.03478102215006837
2814,0,0.03494161383336279
2816,0,0.03668717507763925
2826,0,0.03276158868269845
2832,0,0.039998645407006296
2842,0,0.043813671104560734
2844,0,0.03281046085832173
2845,0,0.037622976071692155
2848,0,0.04259573505393068
2856,0,0.035005117848635775
2857,0,0.028051612263413392
2865,0,0.034171889532671154
2870,0,0.043068090715078035
2878,0,0.04471530012419518
2879,0,0.03541694134074804
2881,0,0.030081166117894225
2898,0,0.02759127929112767
2901,0,0.04181107966880214
2902,0,0.034543777823192005
2910,0,0.04284009002667817
2912,0,0.03256896500111206
2914,0,0.029119208985342097
2920,0,0.029566629819271977
2923,0,0.04553487634530635
2937,0,0.045807202827330966
2940,0,0.047159000087438285
2942,0,0.03244060894734052
2951,0,0.02969083003125078
2952,0,0.04291679592002491
2954,0,0.03362598719807475
2958,0,0.034728863471366465
2961,0,0.048956606930194914
2963,0,0.029056775461548712
2966,0,0.027383468075427336
2982,0,0.04229881888974174
2985,0,0.03240581394582297
2988,0,0.0358126427180347
2991,0,0.04409961713750701
2996,0,0.04221491975935335
3002,0,0.034746241313892944
3004,0,0.03309164210566756
3007,0,0.05588998497854034
3010,0,0.04578455539763211
3012,0,0.04407495770901833
3022,0,0.04012029790254615
3032,0,0.034512616930202855
3033,0,0.02766534069528651
3036,0,0.04747145921613346
3042,0,0.04018139511510647
3047,1,0.04221491975935335
3055,0,0.04871586713137646
3057,0,0.05702186746361531
3059,0,0.03533927517743475
3066,0,0.04732228568896881
3081,0,0.029949512168001343
3082,0,0.030714192081601373
3093,0,0.03258342485676058
3114,0,0.03860458291493037
3115,0,0.026128863843483528
3118,0,0.0332243028579662
3125,0,0.03395375594010875
3131,0,0.03275315138174569
3155,0,0.036280800570426784
3157,0,0.02878656251771665
3158,0,0.03129963533295281
3159,0,0.02643366679742733
3163,0,0.04453130327503075
3166,0,0.03531935465417824
3167,0,0.07023335802936032
3178,0,0.03883790846877129
3183,1,0.03657359047242316
3188,0,0.038542902714552955
3190,0,0.043191295005636766
3197,0,0.030586979194750653
3200,0,0.030150851213213817
3206,0,0.023479379378143945
3211,0,0.03313229084468799
3214,0,0.02228872514007413
3217,0,0.030510236245744796
3222,0,0.03464292609090802
3228,0,0.030867332169864852
3229,0,0.024945332023421855
3230,0,0.041226779335331615
3232,0,0.033784441159264
3237,0,0.03304453118213676
3238,0,0.030740639280501816
3240,0,0.036820154529507
3243,0,0.03130803836831373
3246,0,0.02885758714432084
3253,0,0.04457038368181831
3255,0,0.03333930145264303
3257,0,0.029668296074278
3259,1,0.02469056923647239
3272,0,0.026047845987158477
3280,0,0.03419738482526561
3284,0,0.025354873883878245
3305,0,0.03401299877652846
3306,0,0.03299972877307532
3309,0,0.03539995609862606
3317,0,0.047730494963916806
3321,0,0.035531314546130364
3330,0,0.04169550956084516
3336,0,0.03258210823553751
3338,1,0.039585452309030385
3344,0,0.035872938533418795
3349,0,0.044619591585293245
3355,0,0.03875151748826856
3360,0,0.035323471571815646
3374,0,0.03841258582214781
3383,0,0.04109600176768777
3384,1,0.033836384054978616
3387,0,0.02666135268853065
3388,0,0.036226477191827686
3390,0,0.029179746782365568
3393,0,0.032471867827902096
3396,0,0.03981463952710649
3402,0,0.02640700490153898
3406,0,0.037106707528838385
3411,0,0.03363758985774643
3412,0,0.03938888578911253
3415,0,0.03725725578657373
3417,0,0.029672190739777587
3425,0,0.038457504457918144
3428,0,0.04454831919620489
3429,0,0.03960065669188107
3445,0,0.028333338016316042
3446,0,0.03365962092668752
3450,0,0.042447476213212085
3451,0,0.03594171423965582
3452,0,0.030663901387371552
3456,0,0.03977246997927485
3461,0,0.04587994235887286
3462,0,0.03693348255263133
3468,0,0.04144656556715432
3472,0,0.03930604977296026
3477,0,0.02362611742526484
3478,0,0.05596440216915396
3480,0,0.03871612472580345
3494,0,0.038336192618501526
3495,0,0.027024356457851548
3509,0,0.025037763891295212
3519,0,0.04369053644848743
3521,0,0.029934458943582532
3524,0,0.028482858091576548
3525,0,0.024016388152798378
3528,0,0.03733611560693561
3532,0,0.032327031502178506
3543,0,0.03318660630599954
3562,0,0.036424631090514234
3570,1,0.03026112261280341
3587,0,0.036733022334196064
3602,0,0.03615506906609897
3613,0,0.029935293641367454
3649,0,0.024173630785626433
3653,0,0.03317069439165389
3654,0,0.037297837527328785
3656,0,0.03879121822716862
3659,0,0.031505437551995585
3664,0,0.027707207952693304
3674,0,0.0304335102047951
3683,0,0.02492485281972428
3685,1,0.02545824768876877
3687,0,0.030025323899218134
3691,0,0.030009709353467664
3699,0,0.030363109638686415
3709,0,0.02503846557301987
3721,0,0.039749056188823975
3729,0,0.039370367800446435
3730,0,0.025204890087451682
3733,0,0.02240075991345334
3734,1,0.035717773691736045
3735,0,0.03899669886765074
3741,0,0.03729887842670609
3742,0,0.02987515241193751
3747,0,0.030826802830799978
3753,0,0.03936763286481783
3759,0,0.03935077154842799
3764,0,0.03481468012105122
3771,0,0.027342075623916672
3782,0,0.029613642191124792
3787,0,0.03540900979598982
3802,0,0.022443819676580365
3815,0,0.036848338458203886
3818,0,0.05121080947396159
3819,0,0.029905208374246525
3821,0,0.02296846798908002
3822,0,0.03212389816452143
3826,0,0.03644698383405571
3828,0,0.033131989202154495
3832,0,0.024133431689152305
3835,0,0.023626780504398134
3837,0,0.03405422895739714
3844,0,0.03200910961129504
3850,0,0.034599461947522954
3854,1,0.02858682238088759
3855,0,0.02981073989318883
3857,0,0.02814643167328672
3861,0,0.0264264534775057
3863,0,0.03130978932863109
3867,0,0.03948814198519317
3869,0,0.039330089353043836
3871,0,0.03153708034772767
3872,0,0.04977206752983506
3875,0,0.04218041624280137
3882,0,0.02814228175753067
3886,0,0.03432291312906067
3891,0,0.03403718501075862
3894,0,0.030848517445368897
3899,0,0.019711022352259973
3901,0,0.022614660194177547
3905,0,0.02865139060018346
3910,0,0.027038710534200885
3913,0,0.030141410296873297
3917,0,0.02833819145147233
3918,0,0.025095902440430234
3920,0,0.02902227171999397
3922,0,0.02356167893072388
3923,0,0.023324788829270627
3931,0,0.032313133605240074
3936,0,0.023041997003268505
3941,0,0.02314981847946755
3958,0,0.030361153788926183
3963,0,0.01867480641491539
3971,0,0.02710343191981969
3975,0,0.03228341170090415
3976,0,0.023511538512223925
3981,0,0.026084603628631152
3985,0,0.03478838042712096
4001,0,0.03262119725238714
4018,0,0.020522701097202365
4019,0,0.03281573214643481
4024,0,0.030060647409311657
4026,0,0.03048811260642034
4028,0,0.02766175707042463
4029,0,0.02505060258638717
4036,0,0.02159997400245924
4039,0,0.020148639181863656
4056,0,0.03245804388825474
4069,0,0.02347586885396003
4074,0,0.02028445392468005
4075,0,0.02363081977661089
4081,0,0.03281802746050667
4082,0,0.023152031045608267
4085,0,0.023571105513309886
4094,0,0.02885690825722032
4095,0,0.028430385147689675
4096,0,0.019704206849434646
4098,0,0.02634498589010363
4100,0,0.022436185932093105
4114,0,0.030933759740013243
4116,0,0.028590060814941136
4120,0,0.026755172035799794
4125,0,0.03341547393489513
4128,0,0.02865125664099192
4131,0,0.02649541836089782
4132,0,0.03092584268015021
4136,0,0.024916513662976772
4139,0,0.023233519502817143
4147,0,0.025143494152639483
4152,1,0.028650412426255698
4157,0,0.027918211647942254
4164,1,0.01988037080638827
4167,1,0.024677020671091024
4171,0,0.03048811260642034
4173,0,0.031501460900380605
4195,0,0.01966101382180206
4196,0,0.04488938454847732
4203,0,0.024899907007372383
4205,0,0.024653453204765814
4207,0,0.02473946563797464
4221,0,0.04068005716154154
4227,0,0.03594783015669864
4232,0,0.04001309912893579
4235,0,0.03567871727846546
4249,0,0.03830582654369992
4251,0,0.03191933973222844
4254,0,0.031182675636809185
4255,0,0.025208557593739103
4256,0,0.041844061603208825
4257,0,0.029691425477446833
4261,0,0.04168323349218684
4265,0,0.043761209854514364
4271,0,0.03914533913748083
4272,0,0.03109492794449218
4279,0,0.03752790690341398
4294,1,0.026188613524513082
4295,0,0.03365851892544425
4296,0,0.02584317233538965
4297,0,0.02401372370342892
4302,0,0.02952752943401596
4307,0,0.038193975613354185
4310,0,0.031492292798025956
4320,0,0.02979097968283547
4335,0,0.028360725684212284
4347,0,0.03857840462172312
4355,0,0.03356775750900586
4357,0,0.028362667050347137
4362,0,0.04484462494342137
4366,0,0.04412608010869533
4370,0,0.03124035568245369
4371,0,0.023190514368908167
4372,0,0.03440756858621611
4378,0,0.03752371689379443
4386,0,0.03546997472997067
4389,0,0.03267672760722785
4393,0,0.04144995559400902
4395,0,0.027411879426132695
4400,0,0.024024427684452076
4407,0,0.029488911083211198
4421,0,0.034977552367130106
4423,0,0.042148766589148595
4442,0,0.04574192629152158
4444,0,0.03198346041603478
4447,0,0.033621966518668764
4463,0,0.03864631309460381
4482,0,0.02862233169787532
4484,0,0.036782698637869884
4493,0,0.023860894657820944
4495,0,0.029867461373331516
4503,0,0.046116695768961685
4504,0,0.03675667450899312
4511,0,0.025464196894385383
4525,0,0.03639955861312208
4551,0,0.03276127547945636
4552,0,0.04154594816603553
4554,0,0.03884178036660208
4557,0,0.026254780595446118
4558,0,0.03539451288102479
4560,0,0.04138563875025316
4561,0,0.03048354229224589
4563,0,0.02987700732649004
4584,0,0.031523922821414585
4596,0,0.02534401691197386
4602,0,0.03392182191582502
4604,0,0.038988602890627985
4607,0,0.037114517607955595
4612,0,0.03852077854050297
4619,0,0.034640705718639225
4620,0,0.04747203660259508
4621,0,0.04131497555165335
4622,0,0.03619045021787378
4623,1,0.03630636140786124
4625,0,0.03592026446867332
4627,0,0.044691343816189985
4628,0,0.034211028476240815
4654,0,0.039334527281360325
4659,0,0.04197599461916762
4660,0,0.04289613234353037
4661,0,0.03206980030128702
4675,0,0.036839348169620076
4684,0,0.039082603426346965
4687,0,0.032953216201286425
4689,0,0.0353161630774592
4698,0,0.033642380179828804
4700,0,0.03605285883457712
4706,0,0.04433464956342771
4708,0,0.04025412330365536
4709,0,0.042493667328736176
4715,0,0.037187867083530744
4716,0,0.04026727524867387
4719,0,0.03754743090505618
4722,0,0.026766551085194382
4728,0,0.03579187873982082
4733,0,0.057099073845300566
4738,0,0.029124629872852154
4746,0,0.04597738090438705
4751,0,0.033462713076571594
4752,1,0.04646033182402775
4756,0,0.040707579425251036
4757,0,0.040474948761884684
4760,0,0.042832344037168416
4762,0,0.037771770860387376
4763,0,0.027767520521409905
4767,0,0.050943475872758555
4768,0,0.04688591381457886
4770,0,0.029588003066413186
4774,0,0.04316549068759223
4785,0,0.03448567127543546
4788,0,0.042312162485594565
4789,0,0.02963480438253189
4791,0,0.0457134526822599
4795,0,0.03700274737906849
4796,0,0.04404639253368912
4804,0,0.03382023691320322
4806,0,0.03652268009911751
4813,0,0.026672207303423612
4821,0,0.03593157901132887
4824,0,0.04267263890579392
4841,0,0.027655808902150067
4849,0,0.03131849978659121
4850,0,0.04222544464412778
4865,0,0.02772557738695668
4866,0,0.034743547846898676
4871,0,0.04023292582403979
4873,0,0.037345857796434075
4875,0,0.04716137964661085
4889,0,0.04020723193713149
4894,0,0.045900380430887705
4898,0,0.025808185639890763
4900,0,0.03957172872088809
4903,0,0.04523114355860027
4907,0,0.04519924186125077
4909,0,0.04216539918017474
4913,0,0.04674393808749138
4921,0,0.03494086411885736
4924,0,0.03465674887176178
4934,0,0.02621032862132262
4939,0,0.03240747195719463
4942,0,0.04233516913803261
4948,0,0.04429075353340788
4950,0,0.03518644618699938
4953,0,0.044528655749482074
4959,0,0.03760375976871957
4962,0,0.04146583936984672
4964,0,0.031378881337693454
4967,0,0.0422911664441786
4971,0,0.03932603003364412
4979,0,0.029426865835820125
4981,0,0.03365112012835987
4998,0,0.03971002945780339
4999,0,0.039889957482866466
5002,0,0.0459350313577126
5019,0,0.03732343132283498
5021,0,0.04208033622779466
5033,0,0.0422911664441786
5034,0,0.028216494089375627
5038,0,0.03466298288124148
5040,0,0.023741709607988822
5042,0,0.023514542153542584
5044,0,0.02558559185757939
5053,0,0.034684293465837894
5060,0,0.03221921152641059
5065,0,0.03391536866661089
5068,0,0.035646527853116394
5070,0,0.03875781942650402
5075,0,0.03356917355016542
5076,0,0.038943728551346056
5080,0,0.03727292485706625
5082,0,0.024940866300469103
5088,0,0.03346967979247757
5089,0,0.03643371689671722
5090,0,0.02561144622857035
5092,0,0.029659466669586153
5093,0,0.02898402711180447
5094,0,0.03159429601737303
5096,0,0.03522853170777371
5101,0,0.0353183229594115
5106,0,0.03803448746690785
5112,1,0.03174771269539349
5113,0,0.02360993190913235
5119,0,0.03931691068477084
5123,0,0.030413058558056146
5138,0,0.037934690887554315
5144,0,0.02665599318817342
5146,0,0.0298341875023735
5148,0,0.03650239929996663
5149,0,0.03713677332507305
5154,0,0.030260603629854714
5167,0,0.02824969327517354
5170,0,0.026411778049863114
5175,0,0.023538354272938062
5187,0,0.027035234307070815
5191,0,0.03244777117970605
5193,0,0.035077299536882045
5205,0,0.03295977590062163
5206,0,0.02380930470722735
5210,0,0.03267688473410095
5214,0,0.03396912119978491
5228,0,0.03198954408660938
5229,0,0.023942191369411326
5231,0,0.03698601200307621
5238,0,0.032287031327973094
5246,0,0.03722210647128771
5257,0,0.03140631076745402
5258,0,0.03249122209944053
5259,0,0.03683493101017164
5263,0,0.0396238464750999
5264,0,0.0372438786497185
5265,0,0.024238154453095895
5276,0,0.034208025346418806
5280,0,0.036845857573091244
5281,0,0.03623238397516865
5295,0,0.03557421515258204
5313,0,0.029719187006487773
5333,0,0.03052619885890991
5339,0,0.032669320574820346
5340,0,0.028823027281481152
5345,0,0.027751626519648288
5353,0,0.03548940142272332
5360,0,0.028823027281481152
5365,0,0.028335181858209175
5366,0,0.029668277368124284
5370,0,0.03890495281578291
5387,0,0.036057925006500485
5390,0,0.03456201373237851
5391,0,0.02983897756860218
5395,0,0.036428179968890896
5398,0,0.037041645292551884
5405,0,0.02367789616394073
5407,0,0.03951313279419165
5414,0,0.029976556755721924
5417,0,0.023701869689387586
5428,0,0.0394149046416568
5435,1,0.03876952927536581
5436,0,0.03567345844634182
5444,0,0.027695747113944947
5446,0,0.0368825911476203
5448,0,0.03694027046986736
5456,0,0.023538354272938062
5457,0,0.03655719525534484
5460,0,0.04033538201739907
5468,0,0.03228168786769852
5472,0,0.02239010962647652
5474,0,0.02989424880711992
5477,0,0.03669179037055306
5480,0,0.03674554080514394
5499,0,0.028915636265174894
5508,0,0.018565195519587796
5516,0,0.021354346612378054
5527,0,0.03257339370360587
5529,0,0.019650575483906228
5535,0,0.03311321614514398
5560,0,0.033102166178360815
5564,0,0.03101209286714635
5570,0,0.029298081243953777
5572,0,0.026552963066315882
5577,0,0.032762725310294984
5579,0,0.02845925477560549
5590,0,0.02654793644291736
5594,0,0.03338625687446606
5595,0,0.030051510617360538
5597,0,0.02845158453209022
5601,0,0.023190916352481505
5607,0,0.0197274069208963
5609,0,0.023361403250494833
5610,0,0.0333194206551747
5612,0,0.01970947059040972
5613,1,0.024860948486551373
5614,0,0.028116819497460935
5615,0,0.027056498374399773
5617,0,0.026543799061327675
5621,0,0.021059226829323294
5626,0,0.02010003587713999
5627,0,0.023977249015760576
5633,0,0.031710924961698764
5635,0,0.024386500881931058
5642,0,0.022996650493894284
5646,0,0.025290024794468846
5648,0,0.025046404360543742
5653,0,0.02032128129198357
5657,0,0.03510083929031846
5662,0,0.03167042910416044
5664,0,0.020616049389576032
5665,0,0.03131526440556167
5666,0,0.026588146765535035
5673,0,0.02327139416961247
5676,0,0.03258032191670895
5682,0,0.023590621517159776
5687,0,0.031057976628509888
5696,0,0.026869348529299925
5697,0,0.029994681168638647
5699,1,0.034647309984351525
5708,0,0.021041277029570937
5709,0,0.031058849005451167
5711,0,0.025555988024596823
5712,0,0.02400747381733069
5721,0,0.03262785414070311
5724,0,0.031105673373877613
5727,0,0.030628830194065565
5729,0,0.036909466743588075
5735,0,0.035219893590340084
5739,0,0.027224714845388482
5741,0,0.02762954895493617
5743,0,0.03095504868354115
5748,0,0.020022514591754446
5750,0,0.030917916342100893
5751,0,0.03574935416961555
5753,0,0.030490644303639607
5755,0,0.026869348529299925
5756,0,0.0304213227032217
5760,0,0.03185194025001799
5762,0,0.019146388221765353
5764,0,0.031048462572191154
5766,0,0.026693742650410326
5769,0,0.023541236056215584
5770,0,0.029594492013253176
5772,0,0.024832492099373497
5773,0,0.032630676900169
5776,0,0.03127757822305646
5780,1,0.03230990247947124
5788,0,0.03229208464450409
5790,0,0.02919682098519898
5791,0,0.02636237951807394
5794,0,0.030482528872762846
5798,0,0.025347429457150867
5801,0,0.030567339526442316
5808,0,0.030968930930578425
5816,0,0.03337591592245725
5822,0,0.02997968971033529
5823,0,0.02815609690491179
5828,0,0.026794044607460585
5829,0,0.03279558811489052
5833,0,0.030461961880476198
5841,0,0.02003945033373214
5843,0,0.03049784904175392
5848,0,0.031058849005451167
5855,0,0.025104150509142338
5857,0,0.023412216867692782
5869,0,0.027061018017765368
5871,0,0.023910517230483957
5872,0,0.03059721005783112
5874,0,0.0316510139803879
5880,0,0.028398324242970025
5886,0,0.018483872003955022
5889,0,0.02458668873010393
5898,0,0.0228754679288455
5900,0,0.0256733678090068
5906,0,0.027096130314856755
5913,0,0.032734427140521424
5914,0,0.0361205259342634
5917,0,0.027897367808548103
5920,0,0.0318132460067423
5926,0,0.038612881363231905
5929,0,0.0370290878107999
5931,0,0.03669745223052668
5935,0,0.036844302337678124
5949,0,0.03657190850806545
5951,0,0.03747397904030728
5953,0,0.03988692370083047
5956,0,0.04099213000523883
5959,0,0.03620549449795822
5965,0,0.038334432820053756
5970,0,0.033915601648323
5975,0,0.033681258381647636
5978,1,0.031450239546453956
5979,0,0.03880769416857342
5986,0,0.03148224919589158
5990,0,0.033511743186249464
5996,0,0.03200536247645408
6002,0,0.034296916195225687
6006,0,0.03129317127236456
6010,0,0.03823618187480545
6011,0,0.03251699736324605
6020,0,0.036233219047956206
6022,0,0.044485192504756826
6025,0,0.03199558975926676
6030,0,0.03367492901370089
6031,0,0.025738421771641515
6047,0,0.03269569091738024
6057,0,0.026015823610651856
6062,0,0.03296514661853369
6064,0,0.03997599922458095
6069,0,0.039832765891604435
6075,0,0.03452021429088087
6078,0,0.02518885642931522
6081,0,0.029827910094364907
6086,0,0.028882770106621974
6091,0,0.03586770465168397
6099,0,0.0325006969054215
6107,0,0.03698050516771727
6111,0,0.0440030835584753
6120,0,0.03357554340387416
6130,0,0.03630568060915942
6132,0,0.03577449715845587
6137,0,0.03151584493627827
6142,0,0.0379540356300613
6150,0,0.032695113907773854
6151,0,0.0334251034516818
6156,0,0.03843007599351533
6160,0,0.036899791706514376
6166,0,0.03200536247645408
6167,0,0.029574003698919736
6177,0,0.03423673826063955
6180,0,0.03938707964664126
6184,0,0.03634256984815884
6191,0,0.03178812991401272
6192,0,0.02685609620031264
6195,0,0.03152969111197394
6205,0,0.033214943198031234
6215,0,0.03152969111197394
6217,0,0.02555153696623552
6224,0,0.029507285730378235
6238,0,0.05167929313284747
6262,0,0.03218718032994251
6263,0,0.02984291138660906
6264,0,0.042109783257437756
6273,0,0.03354742888869088
6274,0,0.02640577766855373
6278,0,0.02538712526172
6284,0,0.03615240400836174
6287,0,0.04119362615604687
6288,0,0.03880631100723227
6301,0,0.03814383167447771
6302,0,0.036769113889557
6309,0,0.03577449715845587
6314,0,0.0492077474232258
6320,0,0.038662389245307294
6324,0,0.03137684878457002
6327,0,0.02929566685842422
6331,0,0.0361512796456894
6335,0,0.02505786952612912
6339,0,0.03057270514901152
6340,0,0.03927819018538321
6344,0,0.03993228828191785
6345,0,0.03631711612315522
6353,0,0.03693178467183725
6356,0,0.03375006168979594
6357,0,0.0340869426617578
6369,0,0.04206799311351673
6376,0,0.060175587163560654
6377,0,0.036080236914407364
6383,0,0.025616706544271235
6386,0,0.034424105150457525
6407,0,0.036167394600625166
6408,0,0.030422128438316542
6412,0,0.03223838766199954
6415,0,0.03163987263647422
6424,0,0.0363382777081134
6426,0,0.03303010027788115
6438,0,0.026298244757083287
6441,0,0.032608224692106884
6443,0,0.04544347771425377
6452,0,0.028197816471279676
6460,0,0.030021440396952422
6463,0,0.05579320548982205
6483,0,0.03298023786956082
6484,0,0.04217728259068731
6485,0,0.026069724221244345
6492,0,0.031208076354508098
6493,0,0.04160605787036165
6501,0,0.04224012793637648
6505,0,0.045698931695819865
6506,0,0.02801908797515569
6514,0,0.04884261951843315
6519,0,0.04289107801757185
6520,1,0.030526341321853424
6534,0,0.02766911831605687
6543,0,0.030726364160216957
6548,0,0.04600570489268089
6549,0,0.038823786947243116
6554,0,0.035174667020976706
6555,0,0.03640020345841642
6558,0,0.03362940829675126
6560,0,0.04226111022040951
6561,0,0.03831219993654429
6564,0,0.04058357665041174
6570,0,0.034634998797986566
6581,0,0.030506519684936086
6587,0,0.04249589611397069
6588,0,0.043052521338949434
6592,0,0.03998738281801566
6597,0,0.04804490256083516
6602,0,0.03831394390149171
6607,0,0.05714100386723471
6609,0,0.044349514870639505
6623,0,0.04575614336260103
6633,0,0.02754759242957758
6635,0,0.027914464220814634
6641,0,0.05598463005764236
6643,0,0.03632224929182116
6644,0,0.03352849794807983
6648,1,0.04182419391295931
6659,0,0.03489029428050476
6662,1,0.04576805097092587
6664,0,0.03240902224495541
6665,0,0.03284846280584651
6666,0,0.039099048474325625
6667,0,0.03159062002713309
6670,0,0.03718836315978516
6672,0,0.03482055558046645
6673,0,0.031437549012551205
6675,0,0.03420137521270954
6678,1,0.04473990043394411
6684,0,0.046520879869646
6692,0,0.03822189735742069
6707,0,0.03310127731874274
6709,0,0.03051731301678018
6711,0,0.03522057982740286
6717,0,0.0404113897927521
6718,0,0.042601462053261395
6728,0,0.05452441457939116
6731,0,0.03941844088439421
6737,0,0.02612627114530839
6739,0,0.04415701564251686
6745,0,0.037428513879272894
6747,0,0.02719058497368947
6752,0,0.03473357114154486
6758,0,0.03988478885548574
6762,1,0.04922599079080438
6763,0,0.03487244456281743
6765,0,0.03728125777813055
6767,0,0.04585349246805245
6768,0,0.03585419725014443
6770,0,0.028400798624274314
6771,0,0.047188530738248746
6778,0,0.04580816470445559
6781,0,0.03225563084198777
6787,0,0.046233617525922054
6788,0,0.03792192257205009
6789,0,0.039415848893974495
6791,0,0.03415825280389368
6810,0,0.030943192574684728
6814,0,0.03960395531334351
6817,0,0.037249277078212725
6822,0,0.03541481127205336
6829,0,0.04226453032553811
6836,0,0.044520618648607214
6837,0,0.03606430627619213
6838,0,0.04489751781245251
6840,0,0.04217728259068731
6843,0,0.031216027055465532
6844,0,0.03049342446015351
6845,0,0.04685774612821668
6855,0,0.04752117037459335
6866,0,0.036136282624116015
6867,0,0.029749556669230858
6872,0,0.029814571360868333
6882,0,0.039385450317761715
6887,0,0.04887223966479134
6892,0,0.056135835134195074
6903,0,0.028570013204042257
6906,0,0.030560275206350327
6912,0,0.03185291221446539
6918,0,0.030540911021184926
6921,0,0.031205490091253424
6923,0,0.03612960399518749
6924,0,0.040433538754408506
6929,0,0.03615829447621208
6933,0,0.03584158995641909
6940,0,0.025224166318589567
6941,0,0.03736465523109872
6951,0,0.027377579338396473
6954,0,0.03665600735178756
6955,0,0.031578661973407085
6957,0,0.03771592650021061
6968,0,0.03642604643280349
6972,0,0.03596921842131441
6973,0,0.030434716950569856
6976,0,0.038602019548505756
6977,0,0.0317480495340862
6978,0,0.03242764295471179
6981,0,0.036175128900699766
6988,0,0.03402171463496109
6989,0,0.04119238403753481
6990,0,0.03664670684752825
6991,0,0.04967707265795938
6998,0,0.029814296844935567
7001,0,0.036171006720769144
7002,0,0.02505903572624163
7005,0,0.044988174962076785
7007,0,0.039565753409967895
7023,0,0.0410142054707996
7026,0,0.029428125743267676
7030,0,0.02900745806548877
7035,0,0.029772493829719738
7040,0,0.030469679213000575
7044,0,0.042000380509393975
7045,0,0.03693636827457851
7052,0,0.032006841399766596
7059,0,0.02527314736968519
7060,0,0.02518163666429085
7063,0,0.03229430260271411
7066,0,0.03496298592115815
7067,0,0.03835712397951395
7077,0,0.02899878121517646
7081,0,0.03644490148016781
7102,0,0.023678092916360118
7103,0,0.03333428965883841
7110,0,0.036464178992971906
7119,0,0.031483704733063764
7124,0,0.02537548574461905
7132,0,0.0360092881137419
7133,0,0.025071700598603662
7135,1,0.03919216389898151
7139,0,0.04235527226834387
7148,0,0.03394822348955849
7149,0,0.02524966493111203
7152,0,0.03096872842603339
7160,0,0.03597102247826361
7162,1,0.04446519636836249
7165,0,0.035806139088470364
7169,0,0.03416316696602041
7172,0,0.033980011434643895
7180,0,0.02997964062826803
7182,0,0.03584224950425852
7183,0,0.04230506172173267
7191,0,0.035227459668814555
7192,0,0.03294531601791827
7194,0,0.04050175760145952
7196,0,0.03845099695797563
7201,0,0.033904066466437816
7204,0,0.03827762002355243
7207,0,0.02497458527006829
7209,0,0.03566902960582159
7210,0,0.04273496235158324
7217,0,0.03904583149972478
7218,0,0.03202290236658761
7220,0,0.03003385978360041
7221,0,0.03875618442552669
7223,0,0.03633054823082868
7228,0,0.031266805108172695
7235,0,0.03129963533295281
7243,0,0.0372038175576231
7249,0,0.03392000908797357
7250,0,0.039526383805118755
7265,0,0.04247921880429168
7266,1,0.033597324121589923
7268,0,0.026058760104688435
7270,0,0.03048062997640842
7273,0,0.04097225555737477
7274,0,0.033633097785383266
7281,0,0.032330352685609395
7283,0,0.037746870944879815
7289,1,0.03661701120871902
7295,0,0.03589996706921846
7297,0,0.026722221744039987
7298,0,0.03872925647046933
7299,0,0.029333713825868017
7315,0,0.041259699404750716
7324,0,0.023840801068416285
7330,0,0.0390889686409751
7332,0,0.03289200275965223
7334,0,0.03341722808162009
7335,0,0.03234977273678098
7340,0,0.023768540550360397
7343,0,0.03090861454796528
7346,0,0.03735843059693523
7351,0,0.03204330059016088
7365,0,0.04211393695812712
7368,0,0.043348562608644635
7373,0,0.032107662031894225
7375,0,0.03731419029685521
7379,0,0.03950854321004357
7381,0,0.038775547171911395
7383,0,0.02260153244042791
7396,0,0.030670577066107645
7408,0,0.025289154099259904
7409,0,0.03247095464678271
7413,0,0.03244501400816507
7426,0,0.034432814936840556
7431,0,0.030015034670101443
7434,0,0.03384984010248844
7445,1,0.03144788410654476
7449,0,0.029789527525489738
7450,0,0.03668108515074794
7453,0,0.030467384523104067
7458,0,0.02386879074565267
7460,0,0.033547786611150175
7462,0,0.03946500472486546
7465,0,0.04010978326491578
7466,0,0.029787285776160573
7479,0,0.0239011818451598
7483,0,0.027271738894412062
7490,0,0.03701466601448822
7496,0,0.03250560984393226
7506,0,0.03900712173127161
7514,0,0.03926901184775534
7515,0,0.03945941733759945
7518,0,0.034342356146288125
7522,0,0.032336521095522784
7523,0,0.036829128695202405
7524,0,0.022498722168684475
7526,0,0.030442744894934464
7538,0,0.03476336169820882
7541,0,0.03429083193383952
7550,1,0.023744501229997036
7555,1,0.0322513390639388
7559,0,0.033713256353454964
7577,0,0.032924640538906196
7579,0,0.031791908246799803
7581,0,0.03259175949351855
7584,0,0.03455363469902786
7586,0,0.032554542069186766
7589,0,0.030030630591285308
7594,0,0.03950431570860117
7598,0,0.03533983153954415
7599,0,0.02555902637165418
7600,0,0.027274880425540545
7602,0,0.028200674661754143
7603,0,0.030766311157719106
7605,0,0.025482452624480074
7613,1,0.03422548075925672
7614,0,0.025502406187224692
7615,0,0.031553485473505484
7617,0,0.03624236938508731
7623,0,0.03992395022233939
7626,0,0.04174424141787376
7628,0,0.03077361020449709
7634,0,0.02917003604756212
7649,0,0.02297803737896267
7652,1,0.031892681732989696
7653,0,0.034724628481595264
7656,0,0.039864397584990566
7659,0,0.02964079901835193
7672,0,0.02960198112711129
7681,0,0.03693959323225523
7683,0,0.03186069388172475
7687,0,0.035299712985627174
7689,0,0.03238355251154194
7690,0,0.03503173059903515
7696,0,0.03548737266413873
7700,0,0.037488350083312985
7715,0,0.03757142300656718
7722,0,0.028851434505542596
7725,1,0.032167219419502534
7727,1,0.03366162750246586
7728,0,0.031203580086009965
7730,0,0.04037081019654609
7731,1,0.03178243096632359
7733,0,0.028222122402561993
7738,0,0.034641834920548495
7749,0,0.025815238693641218
7761,0,0.02437263095142431
7771,0,0.036170282647412094
7773,0,0.04470375383137209
7783,0,0.05609224324637085
7789,0,0.04908886798311397
7798,0,0.04472499738263503
7802,0,0.038357115509406806
7805,0,0.048332181133500685
7807,0,0.042229564590671176
7817,1,0.03414764317472821
7843,0,0.039303523951733886
7847,0,0.02767756929275261
7856,0,0.04565332591388459
7865,0,0.03602694572525765
7866,0,0.034767040731393875
7875,0,0.0399014054897841
7881,1,0.03224153891453146
7904,0,0.03670327885260072
7906,0,0.03888252733921057
7916,0,0.033596233616149156
7921,0,0.027694444402461556
7925,0,0.032196041120328076
7931,0,0.03966617113868728
7936,0,0.04948568392383455
7940,0,0.04113880528687658
7941,0,0.04525607651117697
7945,0,0.03371521576436112
7949,0,0.04572111470584864
7952,1,0.03683176145139145
7956,0,0.04502186135592344
7959,0,0.04022413700939091
7976,0,0.048088935639186745
7986,0,0.044221390029071286
8004,0,0.03128758616093648
8008,0,0.052998930150762326
8011,0,0.04585937159496115
8020,0,0.036813380345550456
8025,0,0.048514182764967044
8027,0,0.042642178287433066
8034,0,0.033969399942828306
8038,0,0.044417461751526076
8039,0,0.029521456856974885
8046,0,0.043099947302759595
8048,0,0.02889922422008258
8049,0,0.0470473205395256
8055,0,0.04301453051522481
8056,0,0.04569334391073008
8062,1,0.03130789890777951
8064,0,0.033847788084941134
8065,0,0.02836700377585599
8085,0,0.030611145345320563
8089,0,0.03979021528646738
8095,0,0.04878719577726839
8098,0,0.04457529734571151
8100,0,0.039485777900155
8103,0,0.04324688822739771
8105,0,0.04117382741869331
8118,0,0.029774349497233992
8119,0,0.042046341323847214
8120,0,0.03579243880416413
8121,0,0.044528951997176
8129,0,0.03957094738350896
8147,0,0.04106170792488215
8151,0,0.06507300967171502
8160,0,0.048652018447330275
8161,0,0.04755163809537212
8164,0,0.04984392136717676
8184,0,0.04634209351952501
8185,0,0.053052097959394515
8190,0,0.05765181820318935
8198,0,0.05581092847297201
8199,0,0.05184135434424933
8201,0,0.07681143247342088
8208,0,0.03460884348936014
8209,0,0.04869842491334797
8212,0,0.0627974191089109
8215,0,0.04023637870724955
8224,0,0.039450841460376036
8225,0,0.04392748836930437
8228,0,0.04380326155292077
8231,0,0.04392748836930437
8233,1,0.048742350227618206
8236,0,0.05728530975576129
8247,0,0.040733820058739746
8254,0,0.05712583687469184
8255,0,0.040875813171501595
8256,0,0.04587846062873318
8259,0,0.03808701464952165
8262,0,0.061622950175537136
8263,0,0.061304073892355065
8264,0,0.05542667386657045
8267,0,0.04637641775372024
8277,0,0.04124576448689834
8278,0,0.059907810808387134
8286,0,0.045535805232740964
8288,0,0.04075066188063206
8294,0,0.05224008882767204
8295,0,0.036933284618635265
8298,0,0.046416096331732104
8306,0,0.04107647660037889
8318,0,0.04697879144910995
8331,0,0.05673990574433921
8333,0,0.054655349036716046
8336,0,0.040733820058739746
8338,0,0.048558158448036924
8343,0,0.059185780316332724
8347,0,0.037062541391982236
8357,0,0.03756952470261479
8360,1,0.04271314553114981
8361,0,0.04870336701996473
8365,0,0.038991492313942666
8369,0,0.05665312949646374
8373,0,0.05067198617942341
8374,0,0.04459883566362726
8377,0,0.05627964874431785
8379,0,0.05594578178508363
8387,0,0.037031467181967745
8392,0,0.05720296632269941
8397,0,0.05763306773708412
8401,0,0.045547167706761475
8418,0,0.057409449303015433
8420,0,0.08034624638520332
8422,0,0.05077180214832333
8423,0,0.06100129149456689
8430,0,0.04930549062825218
8436,0,0.05306341412156232
8448,0,0.0497166273766428
8450,0,0.04055586773036179
8454,0,0.04671360834516876
8468,0,0.038875139445040716
8476,0,0.04963182869712184
8477,0,0.05783791946657986
8479,0,0.04614365562578281
8488,0,0.0573133043662168
8496,0,0.06453262710018744
8505,0,0.050787657099469814
8507,0,0.04060903267090549
8515,0,0.06927631809790435
8516,0,0.06842703938358277
8517,0,0.06662475155377141
8524,0,0.050602542797426917
8532,0,0.0630585407173825
8533,0,0.049111184788648066
8538,0,0.046370949049402636
8539,0,0.04089265841209441
8542,1,0.06649415299197657
8545,0,0.05272272248078206
8551,0,0.0763100199908371
8562,0,0.06352122383404885
8584,0,0.060474333462958066
8585,0,0.05946286852607675
8588,0,0.04633160006046697
8590,0,0.054614534925225965
8592,0,0.0639046563282142
8598,0,0.04945874181817605
8605,0,0.0519215735662411
8609,0,0.077584416361964
8610,0,0.060129902458567815
8614,0,0.05079892848888204
8615,0,0.053278311657975065
8616,0,0.07623699049350124
8622,0,0.06614294632982538
8629,0,0.05701276823914971
8630,0,0.05446998099122708
8651,0,0.066520276667657
8652,0,0.04828065034875527
8655,0,0.06222992649323097
8662,0,0.06340828953385604
8670,0,0.060978081159629216
8676,0,0.05459007687788373
8681,0,0.07486971801124767
8684,0,0.0427076100400985
8696,0,0.048563843014453247
8699,0,0.052208259053678006
8701,0,0.05472951808380599
8711,0,0.05992502368667573
8713,0,0.0476708299315796
8714,0,0.05370765987274383
8717,0,0.05814077632561029
8719,0,0.061654896468519876
8720,0,0.052542652155134414
8722,0,0.05925038123825388
8729,0,0.0519396693123011
8730,0,0.06381656347614498
8732,0,0.050937774408441376
8745,0,0.053439357065939753
8751,0,0.05329194045006434
8756,0,0.040155030656806305
8763,0,0.042284444697284214
8772,0,0.04894735239363438
8775,0,0.03772605507556824
8782,0,0.046503749157858244
8786,0,0.061375500137726066
8796,0,0.06104102591752295
8798,0,0.04088464923129969
8803,0,0.04912527710819419
8804,1,0.03700795829786347
8806,0,0.05652036841212969
8814,0,0.06275402615642381
8816,0,0.07995882367802026
8819,0,0.058884560592748554
8820,0,0.04904898936074426
8821,1,0.04930922219944718
8822,0,0.06092065824570512
8831,0,0.05273786516922743
8835,0,0.04925942283077016
8837,0,0.05286209242070833
8844,0,0.03984903428190908
8854,0,0.0485149074728855
8855,0,0.05721718384600395
8857,0,0.04976787567672705
8859,0,0.04907083161721642
8865,0,0.04502059092973715
8868,0,0.04505881122554846
8885,0,0.04468903938171384
8887,0,0.04485049947117187
8891,0,0.05006456217014151
8895,0,0.047513387808380526
8904,0,0.05834123102917376
8912,1,0.04652673499220677
8918,0,0.0398401078623155
8921,0,0.06481999013518906
8927,0,0.038889231019667514
8929,0,0.046281787926984244
8930,0,0.05388678085938212
8934,0,0.047101185744779846
8940,0,0.06107073700061511
8956,0,0.03700795829786347
8961,0,0.06121269008082011
8964,0,0.055938325429116045
8966,0,0.04880279936446724
8975,0,0.04923221136446599
8976,0,0.06071509486062411
8977,1,0.04976422314469087
8978,0,0.05972499279696521
8979,0,0.04704134832113011
8989,0,0.0560771891287551
8991,0,0.04488708721939788
8998,0,0.056658711635941196
9001,0,0.05383395996231212
9002,0,0.04385631598213447
9003,1,0.05050856157169458
9008,0,0.05524727596491835
9009,0,0.0483789741689388
9013,0,0.0466187864424714
9014,0,0.0495423438663559
9015,0,0.056898985163669785
9017,0,0.04441235537198064
9032,0,0.060479077279321024
9035,0,0.04571701322915303
9036,0,0.04592595387649968
9043,0,0.052238961536521744
9045,0,0.04876890315508374
9048,0,0.05026211171896047
9052,0,0.05116732480835574
9065,0,0.04632025098278009
9068,0,0.0426029899059995
9080,0,0.057462826223250885
9081,0,0.05580820032328601
9085,0,0.04553970970475618
9090,0,0.03615701412876191
9100,0,0.0456249627699695
9105,0,0.050514214804403046
9110,0,0.04885050228350545
9119,0,0.05122147811936658
9143,0,0.051391590497828564
9147,0,0.04456931332536346
9170,0,0.07148525095279434
9177,0,0.048241298278091066
9182,0,0.04271881593897131
9195,0,0.042481872205435534
9205,0,0.03395935989735937
9209,0,0.04637310453106662
9210,0,0.034432129322549236
9216,0,0.059963186229312695
9226,0,0.05565326071413369
9228,0,0.036981141268384005
9229,0,0.03835639631069314
9231,0,0.03832010044732126
9232,0,0.05550855836790054
9248,0,0.04237658949166108
9252,0,0.055671811230747804
9253,0,0.0490787456994166
9255,0,0.05437069031686843
9270,0,0.04693204777512877
9283,0,0.050121463609267294
9290,0,0.05311721835825394
9292,0,0.0596119592745975
9304,0,0.038511547125308104
9305,0,0.046280234330941306
9315,0,0.043842968936135436
9317,0,0.054394804480617495
9325,0,0.03572709503076399
9326,0,0.05426167106362456
9329,0,0.05386724894424465
9339,0,0.03855666559780902
9340,0,0.053909134194067204
9345,0,0.04484191525788121
9354,0,0.055777088645212455
9362,0,0.05498682090758167
9371,0,0.05298119601968891
9374,0,0.05614500683859496
9376,0,0.05917257934027513
9383,0,0.05450407580202433
9385,0,0.04974313135476465
9386,0,0.04962449807803769
9387,0,0.045330586557340076
9391,0,0.05774686343167236
9392,0,0.0491461665472426
9397,0,0.04350336874986285
9404,0,0.04235556289435409
9410,0,0.03572709503076399
9413,0,0.05208357298801963
9416,0,0.0511923694358372
9417,0,0.0593702924795651
9419,0,0.04489442951094248
9420,0,0.054950657609218745
9427,0,0.049209419134161964
9430,0,0.06013201333115897
9431,0,0.061309438607638586
9437,0,0.04737934927409834
9440,0,0.035709244776196344
9445,0,0.05895316417039833
9452,0,0.034044315546010596
9453,0,0.050243449484846
9456,0,0.05599594020848058
9466,0,0.05011953422776737
9469,0,0.056573130136347585
9471,0,0.052857316425307846
9475,0,0.04358858430994699
9479,0,0.03907858449325149
9481,0,0.03116957899572096
9482,0,0.038458615269588006
9485,0,0.03423644556329131
9486,0,0.03736856600427697
9493,0,0.03977004268673836
9495,0,0.029957747016311324
9501,0,0.042703561672277714
9507,0,0.02960552469520879
9511,0,0.03167265815512754
9515,0,0.03505276873327062
9516,0,0.04535197083601229
9519,0,0.04453985724563771
9522,0,0.07144165636742127
9528,0,0.029172478943149165
9532,0,0.034238166877580384
9533,0,0.031811638170072445
9537,0,0.040130755864409354
9539,0,0.038023546789873505
9547,1,0.033632950572435615
9569,0,0.03688262863563555
9570,0,0.050668949582816904
9572,1,0.05611715163862294
9573,0,0.03183969372281627
9575,0,0.04000186852136251
9579,0,0.039651462435944834
9582,0,0.04692001343576708
9583,0,0.028463908492700342
9586,0,0.0437456352381929
9590,0,0.044971269697081755
9592,0,0.04274583714711231
9595,0,0.052489765556369194
9596,0,0.04642582218610164
9598,0,0.05611715163862294
9605,0,0.04692221831091126
9612,0,0.032637316676035776
9621,0,0.034012895082091196
9626,0,0.04170270587886967
9631,0,0.04747848904348456
9639,0,0.040115648925642525
9643,0,0.042528772769281076
9654,0,0.04902806658382044
9659,0,0.04878564816305425
9660,0,0.04715675106479229
9661,0,0.04919195069954246
9663,0,0.0354908272506503
9665,0,0.031832249025907845
9676,0,0.03748491185559795
9686,0,0.045466436394765185
9691,0,0.045148938228347923
9737,0,0.03845428718294838
9745,0,0.029546025806208014
9749,0,0.04314179274146455
9750,0,0.048005150056795995
9756,0,0.03764260763327454
9767,0,0.037448531950393084
9775,0,0.03992201776209152
9777,0,0.03506382396569912
9781,0,0.06026879248823907
9782,0,0.051692023815381585
9783,0,0.05133080273815937
9786,0,0.04847755731305057
9797,0,0.05178418881862158
9809,0,0.06459725218186195
9812,0,0.04329689724858523
9818,0,0.06010235034724848
9820,0,0.0674863270838609
9821,0,0.04188268919804213
9823,0,0.05165988207148726
9827,0,0.05820844445433513
9834,0,0.066911268857749
9837,0,0.06028639425904259
9842,0,0.04928241737264645
9844,0,0.0605589710725755
9847,0,0.0627603034725082
9850,0,0.04761565385321029
9852,1,0.0508126324281924
9855,0,0.06287196442437336
9860,0,0.055369220074457534
9867,0,0.047761541484705516
9875,0,0.059946721551557704
9876,0,0.06300262397050717
9884,0,0.05056499335427824
9889,0,0.0629129015486175
9897,0,0.05949992948682122
9907,1,0.049378965797080225
9920,0,0.06139052281180489
9923,0,0.06443331836128237
9929,0,0.06572176882384513
9932,0,0.062823370588815
9936,0,0.06066967042914615
9945,0,0.05186314620988646
9948,0,0.051880733267736574
9960,0,0.046889708514651234
9970,0,0.0634435405984564
9976,0,0.06741499644517217
9983,0,0.05244033511982113
9987,0,0.08985001631203388
9994,0,0.06382975792652959
9995,0,0.04143739662283273
9996,0,0.06029144242546928
10007,0,0.04075059702151641
10020,0,0.052476863453909894
10023,0,0.06180398795369712
10026,0,0.06271873773412996
10037,0,0.03770153349843193
10041,0,0.05871004085840911
10048,0,0.05168990817806865
10050,0,0.053513086791573614
10051,0,0.03968211649830525
10063,0,0.0383430033883513
10076,1,0.06553915367606489
10079,0,0.042097096389676604
10081,0,0.05525202442412309
10090,0,0.055096553195314445
10102,0,0.05484215390252227
10103,0,0.04812548271512185
10106,0,0.041234005209148335
10110,0,0.04682065928041674
10113,0,0.059448172135120374
10120,0,0.05441517272587432
10121,0,0.0459340504848957
10127,0,0.06702670072714688
10133,0,0.06141280328048527
10143,0,0.03940654193605206
10157,1,0.05482274399568933
10158,1,0.0387376883533142
10160,0,0.05109676726083528
10165,0,0.049615987174650655
10167,0,0.037445140940368604
10168,0,0.060783624185159923
10175,0,0.04681372920367109
10178,0,0.05400424866357456
10182,0,0.045023692816418395
10192,0,0.05156696780182154
10193,0,0.058738688335190026
10198,0,0.04490108074682659
10202,0,0.06186411759064038
10206,0,0.04968136132665633
10211,0,0.04880093382186778
10212,0,0.03628872770351536
10213,0,0.05253193697529551
10219,0,0.04155589466472775
10224,0,0.037324508938106835
10225,0,0.03930565958273523
10229,0,0.048970962420796384
10232,0,0.039737417777102095
10237,0,0.03936560216390155
10252,0,0.048909198115769555
10256,0,0.04612985028930671
10264,0,0.046061484733487514
10265,0,0.03848116043833195
10266,0,0.052557738178114724
10277,0,0.04518700957189261
10290,0,0.0424802830270503
10291,0,0.045123464948563376
10293,0,0.03738041500682159
10298,0,0.04257810267505586
10301,0,0.04269040653013736
10303,0,0.03613591311227936
10308,0,0.04101215345358182
10320,0,0.03734313535846395
10326,0,0.035445189087097276
10337,0,0.048610173958616845
10346,0,0.03985219286317495
10349,0,0.03362373434564906
10357,0,0.03796722284785528
10360,0,0.04853698080920422
10368,0,0.032978993381829164
10382,0,0.04631789916512914
10400,0,0.04339380376550031
10405,0,0.04262691052148907
10413,0,0.043596289915233837
10420,0,0.03878362559574455
10421,0,0.04655657955481926
10422,0,0.0491886531808459
10424,0,0.04231078180072281
10429,0,0.05337262164728993
10435,0,0.051718751766505464
10449,0,0.048632806596831245
10451,0,0.04568365270686052
10456,1,0.03703359905810394
10460,0,0.026470313997796188
10463,0,0.040383767490869346
10493,0,0.06069973564863382
10496,0,0.04711959574018715
10499,0,0.05137415065374578
10500,0,0.052276358077508155
10504,0,0.04786089917468332
10508,0,0.047458211508572844
10517,0,0.044526850093314634
10518,0,0.05486118832789576
10521,0,0.05298239904231493
10522,0,0.06129110716463559
10524,0,0.05692156153634767
10528,0,0.05050337475242062
10534,0,0.045081135960815664
10535,0,0.0614754193400127
10536,0,0.058468053243002194
10538,0,0.05033055372400225
10545,0,0.0660760963448468
10553,0,0.051063830432842454
10565,0,0.053093294705357716
10567,0,0.03732904653898255
10569,0,0.05551498578050837
10571,0,0.046884062239552556
10580,0,0.0429205464042423
10583,0,0.05079085287058048
10588,0,0.06594098894231584
10590,0,0.049042542418231715
10591,0,0.04850209827858839
10592,0,0.05438119865723513
10596,0,0.06616479044441477
10616,0,0.03839800497794864
10625,0,0.061911324443664144
10631,0,0.03566277320208107
10637,0,0.057894482018846255
10642,0,0.062459816138718656
10650,0,0.05475552354943444
10652,0,0.07125834994270049
10654,0,0.061085011245195185
10657,0,0.06195039553852238
10666,0,0.07348459396721711
10672,0,0.0350506499560924
10675,0,0.053953833519559374
10690,0,0.047630422384399164
10696,0,0.04475250551111152
10699,0,0.048938165120004304
10702,0,0.05841558029470383
10710,0,0.05049365198516559
10711,0,0.04953660178663331
10714,0,0.05764059819700963
10716,0,0.058706219179221066
10721,0,0.050350268316543705
10724,0,0.04601032809970819
10727,0,0.07506879890941866
10730,0,0.05604816755074567
10740,0,0.0660760963448468
10743,0,0.061828352745895154
10746,0,0.053947049009369634
10748,0,0.04850367266557804
10752,0,0.06476029330548912
10756,0,0.06168674362986757
10761,0,0.061626775068728525
10762,0,0.04971615914795613
10766,0,0.05307758834927052
10767,0,0.05887388168868711
10769,0,0.05504766391912855
10775,0,0.04201556251699255
10778,0,0.04271967400677929
10792,0,0.05928136115293409
10799,0,0.055341985647620384
10808,0,0.06788183439266177
10815,0,0.06474977388979307
10816,0,0.06822794862125028
10817,0,0.06416640746593993
10823,0,0.05417169193019369
10824,0,0.051768757148178315
10839,0,0.06542611617962861
10845,0,0.06460018269970504
10853,0,0.05575249798462707
10854,0,0.05890031789150298
10855,0,0.04807030248758702
10856,0,0.04679013171116181
10858,0,0.0574315406563748
10860,0,0.04183041211165376
10872,0,0.04355726278500851
10883,0,0.06470467129948435
10885,0,0.04462639111082646
10890,0,0.06258048668261815
10895,0,0.06456712173112492
10899,0,0.06381165306269186
10900,0,0.06333545166893277
10911,0,0.06123624991205427
10916,1,0.06736874533725026
10924,0,0.06911484006136216
10925,0,0.06232267563008552
10932,0,0.064688555394864
10942,0,0.060198438367197966
10948,0,0.04872491281201579
10950,0,0.0726020101299012
10954,0,0.042116113096113926
10961,0,0.0639976710017948
10991,0,0.0533207400998254
10992,0,0.06981943619461642
10997,0,0.04137760739041289
10998,0,0.06154534812832125
11000,0,0.0614297767136599
11001,0,0.05188311888643236
11002,0,0.044689777627419984
11009,0,0.053870709290930636
11010,0,0.06506172147649969
11013,0,0.06406513176139322
11025,0,0.041459914456719135
11029,0,0.05355494886691427
11033,0,0.05181481941317151
11051,0,0.07849820496581737
11056,0,0.06310433851913821
11059,0,0.05245282238791575
11060,0,0.05297038916798765
11061,0,0.047530171242079575
11064,0,0.05217801926517261
11071,0,0.06962668943356717
11072,0,0.06021285823269851
11073,0,0.053943943216872244
11078,0,0.08253110513218224
11079,0,0.06347303005677749
11084,0,0.061941386886690514
11085,0,0.06598016773282568
11087,0,0.06109175948603763
11098,0,0.06222196440210607
11100,1,0.060751715646334
11102,0,0.05714623793477192
11106,0,0.05940168329426714
11107,0,0.0556279289536105
11110,0,0.045596673951019955
11111,0,0.04017110898003739
11118,0,0.0435995464883996
11120,0,0.06334523762623231
11122,0,0.05072921244166049
11123,1,0.05116754328475052
11127,0,0.04645986926222673
11131,0,0.056846347326094115
11132,0,0.04364812406673393
11134,0,0.07086041229411336
11137,0,0.053980254364921446
11139,0,0.05773188303956373
11142,0,0.04664959795634837
11145,0,0.06241760327567991
11146,0,0.061412754302505805
11153,0,0.05880828558508422
11158,0,0.06114727609756375
11159,0,0.057314170633149066
11168,0,0.05445862718622234
11170,0,0.06338373360104672
11173,0,0.04088291965959445
11177,0,0.061746722532076234
11183,0,0.040333292394691064
11184,0,0.049569418067444186
11189,0,0.03767170263018213
11192,0,0.06134449748835999
11200,0,0.0357698430178951
11209,0,0.04182545130485759
11212,0,0.05403141408505807
11215,0,0.05793601382826296
11216,0,0.062376136036208216
11217,0,0.0432846832912537
11221,0,0.05295092362576866
11231,0,0.054291901933008015
11234,0,0.05605874615960802
11235,0,0.05506980553548091
11236,0,0.058739766980632206
11247,0,0.05115094499177328
11263,0,0.04976511618398408
11266,0,0.06156514209250168
11275,0,0.050827396906761274
11280,0,0.061829990039253546
11282,0,0.056802208925713846
11289,0,0.061746722532076234
11294,0,0.050380083698047584
11302,0,0.0542013443378742
11305,0,0.06221285059317071
11311,0,0.05681222141301718
11327,0,0.04966717577723316
11328,0,0.04684849898013416
11344,0,0.04712523674349961
11349,0,0.05429872732353299
11358,0,0.053831430498814385
11359,0,0.06278255138352086
11366,0,0.054131068308721386
11368,0,0.04982825631929663
11376,0,0.05225981219018325
11381,0,0.058037638934230605
11390,0,0.052096102516440486
11391,0,0.03613865647658709
11394,0,0.03599451375103046
11395,0,0.04614508720868975
11396,0,0.04803359150640278
11398,0,0.05137321177706963
11409,0,0.06277312711654563
11410,0,0.051349532380486236
11415,0,0.05056085885145582
11416,0,0.0558614097869094
11427,0,0.05836115390234874
11440,0,0.04441692718377608
11443,0,0.04166254676608317
11444,1,0.03834748919134934
11448,0,0.047962546425276996
11456,0,0.049942676790147376
11461,0,0.03742244252397359
11466,0,0.05687467263774965
11481,0,0.05391738263143036
11482,0,0.04447593256585192
11483,0,0.03571643902879171
11485,0,0.04037947716656974
11486,0,0.045142161744090206
11491,0,0.04976123276113042
11493,0,0.04837984863624331
11500,0,0.04615245011954581
11507,0,0.062173393185383063
11509,0,0.03851218309697029
11510,0,0.05185063026773465
11511,0,0.06975420571610687
11512,0,0.04738142364720071
11515,0,0.054586496140868135
11519,0,0.055116327945897714
11521,0,0.05281311353554861
11525,0,0.0490822344800026
11529,1,0.060848172332468815
11530,0,0.03367291867803589
11532,1,0.05431531278220801
11540,0,0.04309115432325997
11555,0,0.05306950008235184
11559,0,0.04514733094776216
11561,0,0.056680387528877434
11570,0,0.03767520789830896
11578,0,0.03548512099976361
11579,0,0.04476313926487801
11580,0,0.035550467446356426
11581,0,0.05160933477600247
11589,0,0.04952515867246089
11592,0,0.05423550592464021
11597,0,0.03843180649717626
11603,0,0.05990723194466513
11604,0,0.054586496140868135
11612,0,0.05570134809927769
11614,0,0.057872664092119996
11618,0,0.041095310253249334
11628,0,0.04319813225745813
11647,0,0.04753154348177389
11648,0,0.05472038041778782
11653,0,0.053945472325022274
11661,0,0.04718841957279043
11668,0,0.04147534815637218
11675,0,0.05966281768918793
11680,0,0.05508421820129366
11686,0,0.03774512944045461
11687,0,0.04883521937028827
11691,0,0.05613464662822859
11692,0,0.05114807881811456
11702,0,0.058133720451906255
11706,0,0.04823462107433698
11711,0,0.05581048870158278
11712,0,0.047858733883855184
11717,1,0.04469670429654078
11719,0,0.052600620175663304
11723,0,0.05173210911711437
11725,0,0.05419023299295472
11741,0,0.03823155341695989
11744,0,0.041528503732854806
11748,0,0.04779716244298753
11750,0,0.054687456759937504
11757,0,0.05210601264854862
11760,0,0.04975912203894935
11761,0,0.05146250522170556
11762,0,0.049036950547355164
11763,0,0.04748934501803457
11770,0,0.05596931373970876
11773,0,0.05870226762506013
11775,0,0.046084999160266836
11785,0,0.07245552348830585
11790,1,0.05578924275210223
11794,0,0.05856084257232757
11795,0,0.05829991652948588
11796,0,0.05106312569814007
11797,0,0.04567201071073019
11804,0,0.050608410660052706
11808,0,0.05485823278564198
11811,0,0.045303203266927654
11818,0,0.04855382194383418
11821,0,0.04778793444667406
11824,0,0.05462742610441385
11825,0,0.05054482689950609
11827,0,0.03541423698797924
11835,0,0.04777305779607236
11839,0,0.04465952625707545
11849,0,0.03619466909982361
11853,0,0.04480748152072369
11854,0,0.04002990181798937
11856,0,0.05191036623454976
11859,0,0.04791663228194943
11866,0,0.051898278729604765
11868,0,0.044785305162155294
11874,0,0.054899107569789315
11875,0,0.03644362524347245
11877,0,0.05809294999718041
11882,0,0.04190999766937402
11883,0,0.06494586960446212
11889,0,0.04299916178617648
11899,0,0.05589247616347348
11900,0,0.05274875942055145
11910,0,0.04019912427066956
11930,0,0.03723369327730786
11933,1,0.06012327923434666
11941,0,0.03552094323184445
11946,0,0.04244246669288719
11947,1,0.037896695008747636
11948,0,0.03830254372516976
11950,0,0.05507243577773708
11952,0,0.04786385789074474
11953,0,0.06168225875057158
11955,0,0.04193618436189562
11957,0,0.056696806543259336
11969,0,0.05753439554872107
11975,0,0.05184595848294421
11976,0,0.04478880477102795
11979,0,0.0644919692226527
11981,0,0.04852438006967092
11983,0,0.06287329334440671
11989,0,0.06583755405097663
11992,0,0.04879530962514063
11997,0,0.0502187991679673
12000,0,0.04875831178267556
12008,0,0.062244344567169
12012,0,0.050886789844460996
12015,0,0.04955152875999035
12016,0,0.04150894851851722
12024,0,0.05029802691444059
12025,0,0.04323970343962635
12037,0,0.037662188344226
12044,0,0.05860731015911055
12045,0,0.057959960490816975
12056,0,0.05454975055755623
12064,0,0.057864004022509075
12066,0,0.05139562541344781
12073,0,0.03579338533849268
12080,0,0.04702813109647499
12091,0,0.04697785314909832
12096,0,0.05249712298840018
12098,0,0.052558581494828165
12100,0,0.04571523512549811
12103,0,0.03718066381665948
12110,0,0.048929009163596285
12118,0,0.04534495963623636
12121,0,0.037263665252114
12122,0,0.046922029545393235
12127,0,0.03731878219045482
12130,0,0.040659847584492176
12131,0,0.049633245253779094
12132,0,0.04882712977541807
12134,0,0.03415232689894926
12135,0,0.042151572114626744
12136,0,0.037721340099133326
12151,0,0.025933718934686115
12166,0,0.02583565286003473
12167,0,0.025699102998046966
12168,0,0.037861998642225614
12174,0,0.03046467903524014
12184,0,0.028689133739907228
12193,0,0.03521201811721802
12195,1,0.040672912696082586
12203,0,0.02710730137076436
12208,0,0.04111600322255873
12211,0,0.03899023503583366
12212,0,0.028815252949116597
12220,0,0.031185057221904067
12226,0,0.02959746533568196
12241,0,0.030011025352929262
12250,0,0.03369113509335015
12255,0,0.040553541488869714
12257,0,0.040553541488869714
12262,0,0.04376964297359021
12264,1,0.038296597082890994
12267,0,0.035249488122540425
12269,0,0.030855850634270154
12296,0,0.03188302206626609
12299,0,0.028944233818562985
12303,0,0.03212856990707154
12305,0,0.03225701222639185
12306,0,0.033785654901059954
12307,0,0.03597403592638892
12321,0,0.036505614990441304
12324,0,0.036616168646423954
12338,0,0.036519681419083676
12341,0,0.03155097189815246
12349,0,0.03183506597823973
12351,0,0.037669911107606646
12360,0,0.05094227489232964
12362,0,0.038150800046439365
12371,0,0.029206399617970776
12372,0,0.06255600238902727
12377,0,0.07025606983050203
12382,0,0.05722776296834476
12383,0,0.06699733431954712
12385,1,0.061501049340537746
12386,0,0.0506342207782309
12390,0,0.07004151356220872
12392,0,0.05124716093027658
12393,0,0.05634478166605337
12398,0,0.061515818261539304
12405,0,0.029650083279580075
12406,0,0.06179019292848423
12407,0,0.029531027963166315
12420,0,0.059495239747648684
12423,0,0.04408841877754253
12426,0,0.05152730724145698
12428,0,0.04873395928526746
12436,0,0.05173459184641049
12437,0,0.051877464709888174
12441,0,0.05279459117196516
12444,0,0.05535038674050731
12453,0,0.049945482143161316
12455,1,0.05613755929269904
12462,0,0.04893422968312717
12482,0,0.041808330756174225
12483,0,0.05367967789334032
12500,0,0.05253369720036095
12512,0,0.06093179792257817
12515,0,0.05686560052186488
12533,0,0.05746939057277548
12546,0,0.06426189529615409
12555,0,0.06044076071954811
12558,0,0.05570355398696575
12561,0,0.031952721008642986
12564,0,0.030453195723704734
12574,0,0.0368204915161555
12591,0,0.04317793793159506
12594,0,0.028318821830277723
12598,0,0.053389681996726605
12602,0,0.056385218947072886
12606,0,0.059169520323025034
12608,0,0.05960377111120529
12611,0,0.047397698020515126
12622,0,0.055996424386001234
12623,0,0.05768912374460156
12625,0,0.04623918180494014
12627,0,0.048582990818500316
12628,0,0.03011775913264672
12630,0,0.05261346617978665
12632,0,0.028428219508265008
12633,0,0.056357650557313226
12635,0,0.03684460019510167
12642,0,0.0394937480442028
12647,0,0.061245065415404164
12649,0,0.023591284848809103
12651,0,0.047652971860802466
12655,0,0.051541212321146446
12657,0,0.026609686309260028
12662,0,0.04613045369358672
12669,0,0.059291634265297474
12675,0,0.06634662098596225
12676,0,0.05998531708900593
12686,0,0.026556471270307264
12687,0,0.04741673533871095
12692,0,0.06874892315749163
12701,0,0.029828324334311762
12703,0,0.04369780456309226
12704,0,0.052201257669139384
12709,0,0.025809170308849525
12716,0,0.05114869809310996
12722,0,0.056726782515942126
12726,0,0.05680165170856735
12729,0,0.054596182864817315
12740,0,0.047569886467975726
12748,0,0.07655641112569327
12749,0,0.0767418609674502
12757,0,0.05953015982582444
12771,0,0.07009657750993017
12777,0,0.08736616156733229
12783,0,0.07772512942188285
12784,0,0.0821239568613097
12791,0,0.06698901034424502
12797,0,0.08198617969430726
12810,0,0.05450180768416022
12814,0,0.07399563400874982
12818,0,0.06611229602443898
12830,0,0.07399563400874982
12833,0,0.08114686891024121
12839,0,0.06293926680839268
12849,0,0.07651978020205175
12851,0,0.0665067331901709
12852,0,0.05985234689085695
12853,0,0.029808671109488132
12866,1,0.07180000862396282
12873,0,0.08338289639538966
12874,0,0.08623162535516969
12877,0,0.07589604833944141
12890,0,0.07003380119483425
12893,0,0.0795123120084698
12899,0,0.06885402293344735
12901,0,0.08790499124868983
12911,0,0.06669384397886893
12915,0,0.07022983114894411
12916,0,0.04955560581058621
12917,0,0.061789799671231535
12919,0,0.05043239319674784
12920,0,0.0629937316473213
12925,0,0.05481401852469136
12934,0,0.079789514557152
12940,0,0.05430478331673589
12944,0,0.06626789183630848
12946,0,0.0588137464280499
12947,0,0.08062557278200691
12953,0,0.07626585573989052
12954,0,0.07686437454890195
12956,0,0.06724150009416835
12964,0,0.07735236042492401
12965,0,0.08746330231919419
12973,0,0.0710063861143213
12986,0,0.07124606808750122
13004,0,0.06627246797685102
13013,0,0.0567410095700856
13044,0,0.08047204078353892
13051,0,0.05707289622339
13055,0,0.08070458963233455
13056,0,0.054921521623693466
13063,0,0.08623162535516969
13070,0,0.07425764758392002
13077,0,0.03492745487652486
13080,0,0.07045262997625377
13090,0,0.08643602945392373
13100,0,0.0919800534644628
13104,0,0.07880076181757412
13107,0,0.08289965832182492
13126,0,0.07250773517580685
13128,0,0.06501348934160361
13137,1,0.08602097649315575
13140,0,0.054221738853591536
13141,0,0.07258005754563701
13144,0,0.07258005754563701
13145,0,0.07258005754563701
13147,0,0.05440808245670732
13155,0,0.08080490729425112
13156,0,0.0842607070948155
13165,0,0.06933350354209823
13167,0,0.0732453046826962
13172,0,0.0732453046826962
13177,0,0.07812267742902161
13186,1,0.07864182688529432
13195,0,0.0687565750211946
13198,0,0.0687565750211946
13201,0,0.094772828704406
13202,0,0.05472893349368322
13203,0,0.05866530537573189
13204,0,0.05472893349368322
13216,0,0.08569616761389214
13228,0,0.0847728435401473
13229,0,0.07053300644567584
13230,0,0.07412851475814769
13233,0,0.07326598871801569
13235,0,0.0669338632610774
13242,0,0.052242949593868555
13250,0,0.07521143596716602
13252,0,0.08984746922238473
13255,0,0.07627259259441477
13261,0,0.0712005035950087
13295,0,0.08488663021893451
13300,0,0.04239965688682472
13308,0,0.062210366643875324
13309,0,0.08454105755087578
13311,0,0.0759175031552005
13312,0,0.07609022119075146
13320,0,0.06720600694942196
13344,0,0.07652858628494327
13345,0,0.07652858628494327
13347,0,0.054443189958297465
13349,0,0.08606173187961895
13353,0,0.07605379495966867
13358,0,0.061887801461423496
13359,0,0.06999111530438046
13361,0,0.07761896166448348
13366,0,0.08089385040692731
13367,0,0.07249723876796209
13378,0,0.037052216492515014
13393,0,0.07268534227972778
13397,0,0.04140547171792749
13402,0,0.04234459381516147
13414,0,0.07397182449498396
13417,0,0.0728363690125158
13419,0,0.08878385764203979
13428,0,0.03184549265280911
13434,0,0.04499529619068147
13435,0,0.06338480356958241
13436,0,0.027328607273129538
13443,0,0.09462937979926689
13460,1,0.094772828704406
13475,0,0.07245972451582913
13477,0,0.03270466378640462
13480,0,0.04699864368087765
13482,0,0.0932570059141008
13485,0,0.04966221724386293
13489,0,0.07594065653232066
13490,0,0.07215876858411197
13493,0,0.08098600024686896
13495,0,0.06932429567132578
13496,0,0.06739864289974877
13498,0,0.05888157521964515
13500,0,0.07631011580393914
13506,0,0.08809597185279867
13507,0,0.060059084223193976
13509,0,0.0806011070302907
13516,0,0.06320738362934923
13525,0,0.04727798500538363
13526,0,0.06668267865369921
13529,0,0.04727798500538363
13547,0,0.03076607576989731
13548,0,0.06681095376994249
13553,0,0.05539047293117509
13554,0,0.07638320955788795
13560,0,0.06101548306601295
13561,0,0.07174145507592902
13568,0,0.08102458161554288
13570,0,0.09550786503336017
13577,0,0.06535493618397606
13579,0,0.07390107893127876
13584,0,0.06641253024484182
13591,0,0.08266613944738636
13600,0,0.0631153834144392
13602,0,0.08006142552164064
13612,0,0.08238783335847155
13614,0,0.07701061138542598
13622,0,0.06231625741587198
13623,0,0.08646024115715845
13628,0,0.0612373143230926
13629,0,0.07058334630721701
13635,0,0.04874981844470271
13642,0,0.035867769948502964
13643,0,0.06633900056645138
13647,0,0.0819428615209945
13653,0,0.07153657436537239
13654,0,0.0929668309482912
13663,0,0.06421587445494495
13664,0,0.08239678610757681
13665,0,0.0541163080571464
13666,0,0.0753212602295852
13668,0,0.06633900056645138
13678,0,0.06601871790618441
13685,1,0.08090888776284538
13686,0,0.08383410445977028
13687,0,0.0825771988813265
13716,0,0.052949562074275064
13722,0,0.0415159761577581
13727,1,0.05879547617235814
13730,0,0.03941929823072383
13738,0,0.05879547617235814
13740,0,0.057166766583381504
13741,0,0.0602139059960937
13747,0,0.0680148873669002
13750,0,0.058738142395920054
13751,0,0.08364436604661359
13752,0,0.06685364217756959
13763,0,0.0590541280013958
13765,0,0.08075164733980533
13773,0,0.041089923058488145
13774,0,0.06349319827087326
13779,0,0.06243750219823075
13782,0,0.058608181887775175
13787,0,0.07543306147941836
13791,0,0.06217465883726494
13792,1,0.06192372826729803
13793,0,0.06450196059354454
13796,0,0.08437042443636428
13797,0,0.08235760989518422
13800,0,0.040471074430519914
13802,0,0.07619327923587786
13804,0,0.06657337772980901
13805,0,0.037083616835766796
13807,1,0.07114690585122457
13810,0,0.04075377755982613
13818,0,0.06049880225520963
13827,0,0.06654792286208781
13834,1,0.05981492717653862
13843,0,0.06170550052995134
13848,0,0.06367730018058732
13849,0,0.08566521708122794
13852,0,0.041766612836123304
13854,0,0.08566521708122794
13855,0,0.07340281678408632
13856,0,0.08905629524105037
13875,0,0.06408018575104749
13878,0,0.058864155861630775
13894,0,0.06021785318179954
13900,0,0.0648180165048365
13905,0,0.07785128282659311
13906,0,0.05108157690909193
13908,0,0.07696295337674672
13909,0,0.07179251537471064
13912,0,0.04135993499754925
13916,0,0.08210025253914506
13918,0,0.05972754995918586
13919,0,0.06025507256364868
13921,0,0.0477531928078254
13923,0,0.04725283347437503
13930,0,0.036661134207124656
13936,0,0.06664573318273534
13945,0,0.05125558262008467
13950,0,0.058960091539378756
13957,0,0.07164800842510691
13964,0,0.07669513302103595
13969,0,0.05204503255817603
13970,0,0.055745428195370775
13978,1,0.05741755848086524
13980,0,0.07434334214454001
13990,0,0.07336399826311317
13999,0,0.07120202109596567
14002,0,0.05557400845877683
14007,0,0.056844151425111414
14017,0,0.03892330989145638
14024,0,0.06812314586844069
14025,0,0.07702814534313923
14028,0,0.07055586324768431
14035,0,0.06112999414055115
14037,0,0.06209652425833462
14042,0,0.08358162320102967
14044,0,0.056947451993059825
14046,0,0.067508228452903
14051,0,0.07106504689460978
14052,0,0.07266880748841356
14057,0,0.07120202109596567
14063,0,0.06757690698803506
14083,0,0.05289672334496957
14085,0,0.04925868669368116
14087,0,0.05047658448175493
14098,0,0.06121308108029164
14102,0,0.06551305917499406
14106,0,0.05980232047267668
14108,0,0.05327063584064482
14109,0,0.049319631783910606
14110,0,0.04928296385421077
14116,0,0.059339546450277864
14140,0,0.06464499406394678
14147,0,0.05893440745510723
14153,1,0.06052112944780556
14155,0,0.06378467614626845
14158,0,0.04881596561499514
14172,0,0.06459882287338561
14177,1,0.04032822561774327
14183,0,0.060332998727879464
14191,0,0.05301871691412476
14192,0,0.0715557093434979
14194,0,0.028754020960283927
14196,0,0.05777150308676524
14198,0,0.04513626635647363
14210,0,0.02306880988711669
14211,0,0.03268138743192861
14212,0,0.04923442087294227
14213,0,0.05626983668739818
14217,0,0.03227818200633036
14219,0,0.04676146339591472
14226,0,0.0490699449247681
14228,0,0.039811892793252736
14232,0,0.02727294542812287
14235,0,0.07480846888757277
14246,0,0.06124632675802971
14250,0,0.054119530292472046
14251,0,0.043521872052288635
14255,0,0.0501455564557414
14264,0,0.06428461951073643
14266,0,0.058482007623074005
14269,0,0.06388226988591139
14280,0,0.04963565494140878
14282,0,0.04212961372198089
14286,0,0.07353338914888638
14292,0,0.04491757421123322
14295,0,0.06459882287338561
14298,0,0.0474974134027646
14306,0,0.060022115076974455
14309,0,0.03949679681341911
14311,1,0.06217374341540588
14317,0,0.07480102740575297
14323,0,0.054013507288481054
14328,0,0.056694277543578434
14329,0,0.04102865805037916
14330,0,0.05818519249601993
14332,0,0.055580125638221935
14344,0,0.05135731238411814
14349,0,0.05400623019800828
14350,0,0.052245611442949404
14359,0,0.0471195743752463
14380,0,0.028040321423373343
14386,0,0.06419115878656961
14387,0,0.04928296385421077
14393,0,0.04814515573049389
14394,0,0.01984274652327914
14396,0,0.03188432510407908
14397,0,0.04587709254834636
14404,0,0.03637697872013205
14406,0,0.06425519482402874
14407,0,0.04928296385421077
14413,0,0.04923039145736189
14415,0,0.07559256548528437
14419,0,0.04802810948113163
14423,0,0.055965431842174396
14424,1,0.057331506364841155
14433,0,0.0581186498399309
14448,0,0.06640172392307055
14455,0,0.07504259913576035
14462,0,0.04932751526087574
14473,0,0.07606471447841934
14474,0,0.027675316004667282
14475,0,0.06610063274083151
14476,0,0.023345061139026967
14477,1,0.05197983876776308
14478,0,0.06119296301710829
14481,0,0.07028967149087756
14488,0,0.05195828211039208
14497,0,0.04932751526087574
14504,0,0.0758464642047749
14505,0,0.075368315920414
14506,0,0.07041100250656479
14507,0,0.0757201640953381
14529,1,0.07016926075591809
14530,0,0.06579101286999596
14533,0,0.06711951893844778
14537,0,0.07626106030821186
14541,0,0.08103725360204442
14545,0,0.07668971744652578
14548,0,0.03807940872647904
14552,0,0.07650847944566116
14558,0,0.05496901075495377
14562,0,0.08602211575903317
14575,0,0.023380536804323237
14576,1,0.058072407805943575
14583,0,0.06629464627272535
14587,0,0.07183127477265654
14588,0,0.08134666446813511
14593,0,0.06770282052989517
14594,0,0.058752937951346215
14595,0,0.08095268554689831
14603,0,0.051001981782037124
14609,0,0.08614443586213774
14610,0,0.06475319639859003
14611,0,0.07123337763361379
14614,0,0.06744300368003579
14615,0,0.08380514710176451
14618,1,0.0670978207513881
14629,0,0.0262244057993338
14630,0,0.04040607611320273
14634,0,0.07162422974783428
14636,0,0.0862669134826592
14639,1,0.08105539981562697
14644,0,0.06610063274083151
14654,0,0.059463786676359535
14658,0,0.08243096172755475
14661,0,0.07585195526478758
14662,0,0.05034895399374388
14673,0,0.07524540047939518
14686,1,0.04659734840850521
14690,1,0.0653628750796325
14692,0,0.07417210102668655
14698,0,0.07038912396866046
14701,0,0.069246315054454
14709,0,0.024367954983032073
14713,0,0.05763205701846586
14716,0,0.0313133770244408
14719,0,0.02702569075615053
14720,0,0.03195743846654685
14721,0,0.07533453153186391
14722,0,0.05877461263695658
14735,0,0.08438785623449178
14736,0,0.09616574740525836
14739,0,0.02707566202224319
14744,0,0.06561729808798308
14749,0,0.06561729808798308
14759,0,0.05838354070463075
14762,0,0.06476748260725934
14776,0,0.03647115734888495
14784,0,0.08394618004570481
14786,0,0.07028101230430295
14787,1,0.066703863091462
14798,0,0.08142401853226115
14799,0,0.06600484630244523
14800,0,0.10450230102674933
14806,0,0.08890757689015122
14811,0,0.07850475523416213
14818,0,0.054146769350919464
14824,0,0.06566801874849569
14825,0,0.08350504658262767
14828,1,0.09460300192639232
14840,0,0.060116142481916095
14843,0,0.08398604275519064
14846,0,0.0823079284370178
14848,0,0.06330993500851126
14851,0,0.1021584202927326
14852,0,0.08998222038121828
14854,0,0.11147487958132501
14855,0,0.07802093706681064
14866,0,0.08438561641206217
14867,0,0.06671123543271812
14880,0,0.09192319134933863
14884,1,0.06470472564209362
14886,0,0.08262225174128418
14887,0,0.08208288461550113
14889,0,0.028052794135665707
14891,0,0.06387039116921839
14897,0,0.08275185109615331
14909,0,0.08220395885161574
14913,0,0.08262225174128418
14920,0,0.05966347647577527
14929,0,0.05972291842792934
14932,0,0.0650190773851171
14935,0,0.09460300192639232
14936,0,0.04554717085044761
14945,0,0.03972929637336808
14946,0,0.04897232362816657
14950,0,0.09150541242489342
14951,0,0.08931557596179475
14959,0,0.04721321546133151
14960,0,0.03932124121711431
14968,0,0.09146233711366611
14972,0,0.08068477017385652
14976,0,0.08008322351236181
14979,0,0.03539013780511911
14983,0,0.07225717111445921
14985,0,0.07740024164742751
14990,0,0.08646750211638476
14991,0,0.08646750211638476
14992,0,0.058944139080409304
14993,0,0.0820216764103237
14994,0,0.061878485112485636
14997,0,0.07683314207751953
15000,0,0.06779109119913683
15011,0,0.0623010164283233
15018,0,0.037833056524497984
15040,0,0.07705605641631273
15041,0,0.08365141218166247
15049,0,0.08650844903573852
15053,0,0.09358083564764401
15061,0,0.06665068375768643
15071,0,0.0652225819352475
15077,0,0.04737559743943079
15087,0,0.057980995618927146
15089,0,0.08067753956385049
15095,0,0.07842458386874669
15108,0,0.07558419248740873
15113,0,0.06195478507852661
15129,0,0.06060076136030713
15130,0,0.1001089198262784
15133,0,0.07377931860125823
15137,0,0.09375682773197859
15141,0,0.04662597060555757
15144,0,0.0863856609148517
15146,0,0.07069171127542401
15147,0,0.05001037164312127
15151,0,0.09375682773197859
15158,0,0.05620037650075083
15170,0,0.04737559743943079
15172,0,0.0618945731303104
15173,0,0.06338826873559048
15177,0,0.062386093896748256
15178,0,0.08273233595682121
15182,0,0.08636977116233502
15183,0,0.05750962776738819
15201,0,0.06259289524504548
15211,1,0.07770574612314195
15213,0,0.07177228453916139
15214,0,0.07561359811563169
15217,0,0.07875580215336304
15219,1,0.07179311272512924
15224,0,0.06932328658516997
15225,0,0.029342121915675812
15235,0,0.057372157679701045
15241,0,0.06040530604844706
15245,0,0.08103358524947947
15249,0,0.0684904434633442
15255,0,0.07194511269547461
15263,0,0.06406561547324884
15265,0,0.054094960847019764
15284,0,0.0657243089695334
15286,0,0.0771667035562689
15292,0,0.08239478316172175
15300,0,0.037548353508084976
15302,0,0.06560278287471055
15305,0,0.07304734964055744
15315,0,0.05918436535828987
15317,1,0.07221982358057966
15323,0,0.04133085502838095
15340,0,0.05180317118340546
15341,0,0.07705810068645412
15347,0,0.08181998552484601
15349,0,0.08181998552484601
15353,1,0.07117030330952591
15368,1,0.07661490329010157
15374,0,0.07202692271087371
15376,0,0.06385715459115573
15391,0,0.06442624083730887
15419,0,0.05866490023997217
15421,0,0.10297278018114882
15443,0,0.04446138033363317
15458,0,0.059060833553944515
15460,0,0.04989506237011318
15461,0,0.05606856434493659
15464,0,0.057778773286008306
15478,1,0.059908381255236336
15489,1,0.07692823058118886
15493,0,0.07171701584795066
15496,0,0.02915583194645555
15505,0,0.07039456498251492
15509,0,0.06305823218643222
15515,0,0.07617261186964691
15520,0,0.06743911756619216
15524,0,0.06704903781527093
15526,0,0.07693712723550852
15533,1,0.06828712767611833
15540,0,0.0664827875741807
15542,0,0.05288598090525367
15547,0,0.057053668212331245
15548,0,0.07316413552129769
15549,0,0.06343152049559704
15552,0,0.07816485588211732
15556,0,0.08227947842475934
15562,0,0.03669920894795702
15564,1,0.06726798848172527
15567,0,0.049180938194195
15573,0,0.07252260223036466
15574,0,0.05468996796736798
15592,0,0.04003578996832387
15608,0,0.024910597794024037
15627,0,0.05471368141154005
15650,0,0.05722802266547783
15651,0,0.06566788808586736
15652,0,0.0467677231185258
15653,0,0.058348718211729635
15679,0,0.06409162957783604
15685,0,0.05009571873022369
15688,0,0.06459083125796591
15689,0,0.025214583932709735
15690,0,0.04670329376503027
15692,0,0.06046132391272528
15693,0,0.04805828622318649
15694,0,0.06102320790530103
15698,0,0.05800527903534054
15703,0,0.04679083302682607
15704,0,0.06545276931404333
15730,0,0.052759835212205654
15736,0,0.0567793707718411
15745,0,0.06005928861866106
15746,0,0.0419596307935784
15747,0,0.05387085167407722
15765,0,0.07352676469888103
15768,0,0.06339185954249517
15778,0,0.05088862251447354
15780,0,0.05592529437034316
15789,0,0.06373585948517148
15790,0,0.04005375006826429
15792,0,0.04222957669129732
15794,0,0.039757860986408225
15796,1,0.050504731529652847
15816,0,0.05091365997070485
15819,0,0.049833935071131805
15821,0,0.039267872355229355
15822,1,0.028044938942652566
15823,0,0.0538853119660877
15825,0,0.062158050750144286
15826,0,0.05934090173702254
15832,0,0.05633529264085275
15833,0,0.05000432108425694
15838,0,0.04107499058441905
15851,0,0.056232380120456275
15855,0,0.02998234679435772
15859,0,0.060877430297650116
15865,0,0.024601990351999108
15867,0,0.05719826767809643
15871,0,0.059709162024677624
15875,0,0.06339185954249517
15879,0,0.06800515004390802
15880,0,0.06428594324362442
15889,0,0.05630255179581096
15898,0,0.05943247222055953
15899,0,0.05313852672647819
15904,0,0.06014502396465579
15905,0,0.025193234885877932
15909,0,0.056717264522480035
15911,0,0.04891011547391033
15917,0,0.060463059481474
15929,0,0.04919249075635571
15932,0,0.04424156629402934
15941,0,0.049151765594207385
15952,0,0.062158050750144286
15956,0,0.05243292818446738
15963,0,0.06010231739727052
15965,0,0.03204814675810701
15981,0,0.039072818661486486
15986,0,0.07116626501615989
15991,0,0.07557627761012442
15994,1,0.06461318830189455
15995,0,0.057911574645589124
15999,0,0.0813595993878069
16005,0,0.04021243491408709
16009,0,0.07361981602179828
16010,0,0.06269705313746567
16021,0,0.0975373555216793
16022,0,0.06123381453922087
16026,0,0.06624237601432942
16033,0,0.0818994316112135
16036,0,0.07887975035078819
16042,0,0.0802665530064008
16044,0,0.04960203027425429
16051,0,0.05319039993379368
16054,0,0.07126910789451872
16059,0,0.05408902579388238
16060,0,0.07247140962556406
16061,0,0.07099160695036123
16065,0,0.0804964143515376
16066,0,0.06571774943967727
16073,0,0.10598359993114265
16086,0,0.05661296680484523
16094,0,0.0440262473772891
16096,0,0.07017265740499457
16105,0,0.050701808235691634
16110,0,0.06168879063891904
16112,0,0.08345675954457454
16122,0,0.04269152457786201
16126,0,0.08091629122149704
16138,0,0.03529893338013535
16140,0,0.06608304541138996
16143,0,0.06171879629020286
16155,0,0.0758464642047749
16161,0,0.07817250710769193
16163,0,0.06780102370771202
16166,0,0.07581360259964326
16167,0,0.06733434098022764
16171,0,0.07703446399904453
16177,0,0.0748306597960418
16181,0,0.0871541583960713
16186,0,0.05564333580636187
16197,0,0.07703446399904453
16205,0,0.06643069331303114
16208,0,0.03579863909730483
16209,0,0.06959893033134125
16213,0,0.04953891621970041
16217,0,0.06247296262896157
16218,0,0.053086336948937565
16219,0,0.06052469464793693
16228,0,0.08075655386454024
16234,0,0.08109401132857803
16243,0,0.06723156789524166
16247,0,0.05858880305313556
16255,0,0.08164003562601689
16258,0,0.08747336992132079
16271,0,0.07581360259964326
16272,0,0.05120257778644254
16277,0,0.0806290278260379
16282,0,0.057911574645589124
16285,0,0.07109197664871705
16289,0,0.07891116585183235
16293,0,0.06142730889235006
16310,0,0.05195430570551678
16320,0,0.0629706573844953
16325,0,0.08124876941517148
16326,1,0.07164152941185514
16329,0,0.031497146032876774
16331,0,0.058623050632249096
16341,0,0.07642062746966136
16346,0,0.055756847110868694
16349,1,0.05832432246756545
16350,0,0.09831844169970953
16354,0,0.06474196993170848
16375,0,0.07792109929189531
16376,0,0.07033947478040307
16382,0,0.06631967457699359
16390,0,0.10768813187995853
16399,0,0.08933309878583925
16402,0,0.09617189344133321
16409,0,0.09483351615298513
16410,0,0.05406439717254504
16411,0,0.07357038293780742
16420,0,0.08411320613495249
16424,0,0.0709539636960712
16432,0,0.07418228911615714
16436,0,0.08422392804922835
16439,0,0.06515112294140285
16440,0,0.08647862055944674
16455,0,0.04258721089119299
16467,0,0.08181353660760819
16487,0,0.08602012140918082
16490,0,0.08838068789252145
16493,0,0.05576430649115522
16496,0,0.034441340623584504
16498,0,0.08311397707319769
16501,0,0.05841577828031183
16508,0,0.08479618653240832
16510,0,0.08675653646061667
16516,0,0.02922330315240813
16518,0,0.07820844540197881
16530,0,0.08036674088434323
16538,0,0.07664209376781375
16541,0,0.06604125198709467
16556,0,0.05769250939755034
16557,0,0.08784942821807461
16558,0,0.07519858177336951
16560,1,0.08368407368888446
16564,0,0.06936610411063562
16568,0,0.02782274145243676
16570,0,0.07589880621364505
16580,0,0.06337885473580566
16585,0,0.07765235755549121
16588,1,0.07781824491425253
16591,0,0.08838068789252145
16592,0,0.07766960717110429
16596,0,0.06726053876299708
16597,0,0.06714076261263421
16602,0,0.0949123563062427
16607,0,0.09027797132032793
16608,0,0.05478379544477714
16610,0,0.08352153398862229
16612,0,0.06832847413457697
16616,0,0.08351612751528897
16617,0,0.058884152035699
16625,0,0.0721655884089663
16627,1,0.08999016323127494
16629,0,0.04480213312639475
16641,0,0.08784257057209141
16648,0,0.07353506700286298
16649,0,0.07735341359959456
16663,0,0.07166727432389616
16668,0,0.09004679460131855
16672,0,0.0621390509847406
16676,0,0.06461655861189038
16678,0,0.08526822992069064
16683,1,0.06131838121371633
16686,0,0.07674300189969867
16692,0,0.03929705461535696
16699,0,0.053992686955832106
16712,0,0.06376687263791798
16718,0,0.07379803864248598
16719,0,0.08228193792543141
16720,0,0.07193553507105323
16722,1,0.06123449268370549
16725,0,0.03977256388682205
16736,0,0.05010820574346308
16739,0,0.08627241101668345
16742,0,0.08258857545039498
16743,0,0.06441976009437575
16746,0,0.07412931086898322
16748,0,0.03372623624643594
16754,0,0.07614835607625778
16757,0,0.07080954013386943
16759,0,0.06321459336898345
16760,0,0.07596377100624364
16769,0,0.08627241101668345
16777,0,0.076688346368543
16778,0,0.076688346368543
16786,0,0.08627241101668345
16792,1,0.08746950967525528
16802,0,0.08564008854547744
16806,0,0.07675557764661799
16808,0,0.0672645838555254
16809,0,0.07687835543635095
16814,0,0.08097409773592776
16826,0,0.061432891896300586
16830,0,0.0672645838555254
16845,0,0.029113579245252354
16849,0,0.0705631872282978
16850,0,0.062086674448827955
16859,0,0.06449056178120388
16864,0,0.07080148720028105
16867,1,0.06256393333618805
16878,0,0.07052920493819512
16881,0,0.06622084649539602
16883,0,0.06872469128375348
16886,0,0.08092760370993135
16893,0,0.04694378655273104
16902,0,0.06687328616043245
16903,0,0.062139994926341806
16909,0,0.07949183001223219
16914,0,0.07099756793516371
16920,1,0.08226504416436939
16926,0,0.07211649373141615
16928,0,0.08237355206580743
16929,0,0.0730252746368772
16932,0,0.06879157154119245
16933,0,0.06088797696834831
16943,0,0.0763814521145455
16945,0,0.061412553939818953
16957,0,0.0715929960880829
16961,0,0.07185522635989694
16968,0,0.06666842876923743
16970,0,0.0621938652893546
16973,0,0.051887033249317906
16977,0,0.05980053485432016
16980,0,0.05936115652931674
16988,0,0.06135283450238023
16996,0,0.06660638402420377
17004,0,0.07240425598454478
17016,0,0.06242458235134748
17017,0,0.07251215645682392
17019,0,0.07634400799659831
17021,0,0.07203387300683102
17025,0,0.06798347348585619
17035,1,0.08180567858525666
17038,0,0.056780369594553175
17040,0,0.07646188183591701
17049,0,0.06689641683357923
17063,0,0.03841825522400594
17070,1,0.07844962380571871
17078,0,0.05024455936030928
17089,0,0.07251652448546533
17092,0,0.07237721857649747
17093,1,0.07759205575337598
17098,0,0.07776935200820974
17100,0,0.06302520551311767
17112,0,0.05852003110092764
17117,0,0.0625166158560289
17118,0,0.05909315856216832
17119,0,0.07248362372679273
17122,0,0.07237721857649747
17124,0,0.0729454201409954
17126,0,0.07095233891760211
17136,0,0.044303614838009694
17137,0,0.07672051144072846
17138,0,0.07321070004101031
17141,0,0.029325566218201947
17143,0,0.07061923922536585
17151,0,0.07628113778667024
17154,0,0.08593662082483612
17155,0,0.08593662082483612
17159,0,0.0614251015738594
17171,0,0.07265005234144933
17177,0,0.0603846460906254
17181,1,0.031790227582542144
17186,0,0.07712530787271733
17188,0,0.07812158716805018
17196,0,0.08953701629787023
17203,0,0.04934654953906325
17205,0,0.09590302530908101
17206,0,0.07286782959873692
17208,0,0.048578378140269766
17209,0,0.06302520551311767
17225,0,0.07502150710850197
17226,0,0.05484618772816151
17230,0,0.0720487459868233
17234,0,0.07352250882691173
17252,0,0.05971694102325443
17261,0,0.056780369594553175
17266,0,0.08948935150652451
17267,1,0.07141394918593723
17268,0,0.06160462025458108
17269,0,0.06353396922061648
17278,0,0.058869611220059334
17279,0,0.061263673333839884
17280,0,0.059112506523961286
17282,0,0.051277800375107395
17283,0,0.09067861418254794
17284,1,0.09042253634499647
17288,0,0.05094268450878286
17297,0,0.08218830767235516
17303,0,0.0578591511291896
17307,0,0.040943487949501076
17308,0,0.07803637872481194
17316,0,0.021949818906902636
17323,0,0.044922441432159343
17327,0,0.02497434525535208
17328,0,0.03894478194577955
17335,0,0.0651594787936442
17337,0,0.061385313593575914
17338,0,0.01922084984438486
17339,0,0.059277038220307304
17348,0,0.04904576728558071
17350,0,0.054193913926725144
17373,0,0.0496061033730977
17381,0,0.06458234758916345
17383,0,0.061661997111262586
17394,0,0.044803902890551604
17398,0,0.03324132094413656
17399,1,0.04206630397074385
17402,0,0.05433633180697026
17403,0,0.06650754221237622
17413,0,0.05016781479548244
17414,0,0.05227258281651414
17415,0,0.044186127594901745
17422,0,0.0688139038419483
17423,0,0.04418448723845294
17424,0,0.07432495771490001
17425,0,0.029513080732240383
17431,0,0.023425519434219562
17433,0,0.06375841035818658
17437,0,0.06416177394581762
17439,0,0.047100228838375835
17443,0,0.044922441432159343
17448,0,0.04594823444837626
17451,1,0.05048373675607774
17457,0,0.04906423381390985
17465,0,0.04468515626998446
17466,0,0.060589540003416285
17472,0,0.04098789491531473
17483,0,0.056067580587780934
17489,0,0.05693195158434548
17498,0,0.04318214770935083
17500,0,0.06431754577266559
17502,0,0.024778746446859703
17507,0,0.059277038220307304
17519,0,0.03725021987826826
17524,0,0.05693195158434548
17529,0,0.03952775493897182
17531,0,0.05227258281651414
17532,1,0.03210905426998804
17540,0,0.0508504851820399
17544,0,0.04660001825649071
17545,0,0.02103473268323397
17553,0,0.048451273465024876
17558,0,0.05771510659717753
17560,0,0.057529658908981963
17567,0,0.060602438422133295
17568,0,0.05378331244286716
17582,0,0.023811392787193884
17586,0,0.057220446906206215
17601,0,0.054565245076577513
17605,0,0.05109511395728911
17610,0,0.06546913188020896
17613,0,0.05545152472233369
17616,0,0.043885976434425676
17617,0,0.04425301968437693
17624,0,0.06175882677522601
17629,0,0.04962149766599914
17631,0,0.051026670269751245
17636,0,0.05782795130237826
17641,0,0.05461046306181168
17644,0,0.0682514805472709
17656,0,0.058168894059769
17661,0,0.07220126556680377
17664,0,0.053426670031248895
17673,0,0.030438556265031367
17679,0,0.04212961372198089
17684,0,0.09577364931813331
17688,0,0.075353525241596
17690,0,0.057432761453987714
17696,0,0.08689768602021365
17703,0,0.08581859853522242
17706,0,0.07208222291715795
17711,0,0.059693887608825304
17712,0,0.07504622442841932
17714,0,0.06942776092880534
17715,0,0.08270662681171989
17718,0,0.06394668458676887
17720,1,0.06168879063891904
17725,0,0.07468385606980676
17740,0,0.07716573360699434
17741,0,0.06555882403802593
17744,0,0.02880722344086994
17748,0,0.06588900215996837
17750,0,0.055550508218777335
17753,0,0.06071327426522003
17754,0,0.055492652903704115
17755,0,0.04952878605711204
17759,0,0.07323384424908772
17762,1,0.05830360151380832
17765,0,0.060930098954908876
17768,0,0.07003412350949971
17772,0,0.06697901504362491
17774,0,0.07639869797932247
17779,0,0.08015184712838333
17782,0,0.052938458424379255
17786,0,0.052687200969295474
17787,0,0.08089192172978878
17788,0,0.02956537943014767
17794,0,0.07293003710414134
17798,0,0.06055210604452436
17802,0,0.07044896301807436
17803,0,0.05690017841171799
17807,0,0.06580234029547137
17811,0,0.07116828459828548
17814,0,0.08343244642026387
17816,0,0.0750698546117245
17818,0,0.038804299589436084
17819,0,0.0854128725414878
17822,0,0.07454889059392282
17835,0,0.02651149343558128
17847,0,0.0609894336476396
17854,0,0.0713394512109715
17858,0,0.07468385606980676
17860,0,0.07205567573553606
17861,1,0.09284537803671811
17863,0,0.027309280063552953
17866,0,0.06287597027957781
17871,1,0.057914175613849435
17872,0,0.07645721485751078
17873,0,0.07063465388940426
17878,0,0.05193556002646013
17891,0,0.0941026995832242
17892,0,0.06336634442115228
17897,0,0.038310981569303786
17898,0,0.08072023997056868
17900,0,0.0716389124071029
17909,0,0.029420523453620635
17918,1,0.035338778363881204
17920,1,0.05831473205876575
17923,0,0.08030696259013774
17935,0,0.07625050558319581
17937,0,0.07229068195672322
17938,0,0.05616886103291233
17944,1,0.031131396311810028
17948,0,0.075540077299949
17949,0,0.07625050558319581
17954,0,0.05180780374264999
17955,0,0.06660216536009175
17969,0,0.04041733949775141
17970,0,0.07625050558319581
17981,0,0.08078573181394393
17992,0,0.06938813945555027
17994,0,0.060556971200030514
17995,0,0.03171317259983956
18004,0,0.08387618643185732
18009,0,0.07747720767313009
18023,0,0.05951519620198548
18028,0,0.0959345412974978
18038,0,0.0644979264105543
18041,1,0.07310470476831077
18043,0,0.04476285903630141
18047,0,0.07264948444367247
18059,0,0.0810116518984017
18061,0,0.030847291848891394
18063,0,0.0426294938701755
18065,0,0.0810116518984017
18069,0,0.0837011107852119
18071,0,0.07487437048414335
18073,0,0.043607579016334226
18074,0,0.08867107633512894
18079,0,0.07157688827047004
18084,0,0.07974590483395923
18095,0,0.0627458654912994
18096,0,0.06606954647680632
18101,0,0.03737307160512164
18102,0,0.07694057523055431
18103,1,0.07747720767313009
18104,0,0.08338221458636301
18108,0,0.05607715005011514
18110,0,0.08521491181067584
18112,0,0.06890033312070631
18116,1,0.06829548897219083
18122,0,0.08279587389651351
18130,0,0.06606954647680632
18137,0,0.044266922163903315
18140,0,0.08999016323127494
18146,0,0.07399422579540343
18147,1,0.07643485506318892
18149,0,0.036498144352203485
18152,0,0.08239674206958099
18159,0,0.08867107633512894
18162,0,0.06779952855845255
18164,0,0.08607659261990104
18165,0,0.0905167610842276
18174,1,0.0905167610842276
18176,0,0.08795821308455073
18177,0,0.044585908989797404
18181,0,0.05404565469694835
18182,0,0.06823833226795775
18183,0,0.07870166855094966
18184,1,0.06903344501661443
18185,0,0.06938813945555027
18189,0,0.06740569250265536
18196,0,0.07694057523055431
18201,0,0.07443345888860041
18205,0,0.08431305205013664
18209,0,0.09673634253065012
18221,0,0.07405901295948064
18222,0,0.06687880740762316
18226,0,0.07531714252782856
18227,0,0.08562411688159485
18230,0,0.08603583085847472
18239,0,0.09813865291864896
18244,0,0.07546286129992048
18248,0,0.07927738729264185
18252,0,0.07207114401607875
18260,1,0.07755829953579162
18261,0,0.07007975510272874
18262,0,0.07357072404105881
18263,1,0.08583228423373707
18264,0,0.06215982272548744
18266,0,0.08267787838661991
18270,0,0.04417485104757769
18284,1,0.04261122822419901
18294,0,0.08538648765824654
18296,0,0.06324477716960976
18298,0,0.07138458308283052
18299,0,0.0718053195622366
18304,0,0.06939956783993033
18307,0,0.0821646092327953
18324,0,0.03599138567620288
18326,1,0.06781293928659882
18327,0,0.05923702856538526
18334,0,0.07189372730859263
18335,0,0.06844587040135668
18337,0,0.06131867290560041
18339,0,0.05328321941356966
18344,0,0.08192087543651455
18363,0,0.06190851990495173
18371,0,0.057273640801486614
18379,0,0.06791740829557585
18390,0,0.049722832731844024
18391,0,0.07574428699200214
18392,0,0.07509858447834575
18394,1,0.03689572955473959
18395,1,0.055358555045832904
18399,0,0.07574428699200214
18400,0,0.07534614714694317
18410,0,0.07958339896870038
18411,0,0.07305595873915047
18424,0,0.07825169278442298
18426,0,0.06692266390527078
18431,0,0.08239616042586727
18435,0,0.05899748405138714
18439,0,0.060848006216266605
18442,0,0.07688523931731014
18446,0,0.06846599332240112
18449,0,0.06627842317815365
18451,0,0.05309089478427868
18454,0,0.07719052123302032
18457,0,0.041086301224980165
18458,0,0.0732926622762769
18465,0,0.07619412476064832
18467,0,0.07750379417729114
18475,0,0.030052225554609534
18478,0,0.07788065331651138
18483,0,0.08271017904865373
18493,0,0.06585289083876865
18500,0,0.06291438088934553
18501,0,0.05958752423599192
18511,0,0.07174240206681547
18515,1,0.08669888829927289
18523,0,0.038953427407917934
18524,0,0.04107203897771538
18537,0,0.07400092976183445
18543,0,0.0378406824703276
18546,0,0.06216642174172632
18547,0,0.07965076398105848
18552,0,0.057219596866479684
18555,0,0.03388836357006063
18556,0,0.07687011487022169
18566,0,0.08669888829927289
18571,0,0.07994022597813188
18572,0,0.06659987592781336
18580,0,0.07191011868223811
18581,0,0.06102762697690646
18582,0,0.025141786151138164
18586,0,0.07169498235928622
18587,1,0.07197141668563872
18593,0,0.07632971950737939
18596,0,0.057163706460793814
18604,0,0.052963385091761524
18605,0,0.08211597956465659
18606,0,0.06146568343908245
18607,0,0.07466774830360244
18611,0,0.08465315893146973
18626,0,0.06306732838678457
18627,0,0.08105849161313955
18629,0,0.08001649562699367
18657,0,0.0773668558076863
18659,0,0.03600994604982146
18664,0,0.07324943011870161
18666,0,0.08036632126248064
18672,0,0.08135901346243742
18681,0,0.04187721616165639
18682,0,0.050050670105102425
18683,0,0.07167177196090894
18690,0,0.0376712238290665
18691,0,0.08211597956465659
18695,0,0.05910663840324735
18697,0,0.037944063014334665
18707,0,0.08044296189791061
18716,0,0.06265392545717456
18721,0,0.07554877112475257
18722,0,0.07751449732495819
18731,0,0.07493013100640983
18734,0,0.06764860398011457
18738,0,0.07820774982517342
18741,0,0.03256417362701326
18749,0,0.08101773718126253
18754,0,0.0863711519933633
18757,0,0.08032223901085181
18762,0,0.07732986957354081
18770,0,0.07744933745590822
18783,0,0.07366047904721419
18790,0,0.09554470117539682
18793,0,0.07732986957354081
18800,0,0.06738481352570154
18809,0,0.06250090274577132
18820,0,0.05361704285532228
18823,0,0.04019205790326618
18839,0,0.03431040083763419
18845,1,0.032782948704862
18853,0,0.02741119126532205
18855,0,0.027613807602352384
18856,0,0.04852630344997318
18859,0,0.042158382302676864
18860,0,0.016994601601226057
18864,0,0.037645594448471265
18866,0,0.036681029006009475
18867,0,0.03253976875489833
18873,0,0.04935819450864301
18883,0,0.04923000602579367
18886,0,0.04601186944000204
18888,0,0.036227338127143516
18894,0,0.06438076231194118
18896,0,0.043280451116818074
18897,0,0.040587011775973514
18898,0,0.026437870583983333
18900,0,0.03849241498393773
18906,0,0.036100884949461384
18907,0,0.04006572549134869
18909,0,0.046211438020113633
18910,0,0.04666494790352472
18914,0,0.045404524751408375
18925,0,0.03630692536565064
18936,0,0.045623230103039654
18937,0,0.036833183533815886
18940,0,0.04666494790352472
18945,0,0.03482106534944752
18959,0,0.04382466729877968
18970,0,0.05448094879237325
18972,0,0.05005202962083509
18975,0,0.032947679619056314
18978,0,0.04695144459753775
18985,0,0.04253473993631006
18986,1,0.021401007554364287
18994,0,0.05091444074379953
18995,0,0.05527930688968492
18996,0,0.050790274250148565
19017,0,0.05831300942971371
19018,1,0.055009023907264115
19032,0,0.04164190496265571
19039,1,0.04758900963002701
19043,0,0.05121244908451315
19047,0,0.05692359930562869
19051,0,0.04647897722066961
19059,0,0.053437171577697264
19076,0,0.050964551360475494
19079,0,0.050936151203839285
19080,0,0.050936151203839285
19092,0,0.054825624812732496
19093,0,0.04061233813664661
19102,0,0.04376777186583378
19105,0,0.0468346029082642
19107,0,0.03500388311744644
19111,0,0.03750115138024216
19114,0,0.044487631136156836
19117,0,0.05856976445218359
19120,0,0.04620412787206018
19124,0,0.04386684781514184
19132,0,0.054219027595472265
19133,0,0.042413394163451454
19138,0,0.053961440613384336
19140,0,0.05502145923873522
19141,0,0.057757197038426085
19145,0,0.04791819147835958
19147,0,0.04689255219738293
19150,0,0.019753697876744553
19151,0,0.05025163313267612
19156,0,0.05882748539640893
19157,0,0.04121277031593167
19165,0,0.05501543012937999
19167,0,0.05719145964527643
19170,0,0.05592837390792585
19180,0,0.05359718117543468
19181,0,0.04372441142550324
19182,0,0.03829472306715503
19192,0,0.026408948221926513
19199,1,0.06596875632909455
19204,0,0.06611280679084156
19213,0,0.05995463693718177
19214,0,0.05258396707047238
19217,0,0.0528971878844446
19233,0,0.03996919327397259
19238,1,0.04149179824040844
19240,0,0.04412820933873399
19241,0,0.06810221022805193
19246,0,0.0638418297538369
19247,0,0.06161434675169553
19251,0,0.06584841962118666
19253,1,0.04354459356859711
19262,0,0.04691577579710712
19263,0,0.05772501598579631
19282,0,0.06419060179892773
19295,0,0.05612512248044703
19301,0,0.04872048801850335
19303,0,0.045975315990169324
19308,0,0.06377110724024138
19311,0,0.05650756311650473
19314,0,0.062383459772144524
19316,0,0.04904793081365641
19320,0,0.04128617245279321
19321,0,0.045967032784387525
19323,1,0.048456580218379126
19324,0,0.05985569674691286
19346,0,0.05222942912806326
19357,0,0.04083933257215283
19361,0,0.044574392431812764
19379,0,0.05846444248790209
19384,0,0.07045135203689472
19389,0,0.054712986395347024
19394,0,0.06817554458184488
19395,0,0.05591578189670685
19400,1,0.051162870520564785
19408,0,0.06784703947217072
19413,0,0.05586754534942945
19415,0,0.07940831016107557
19416,0,0.0558275201054189
19418,0,0.04848048221865429
19420,0,0.06553033923341665
19422,0,0.042038935490902755
19430,0,0.06433496840381482
19432,0,0.0630957356707678
19433,0,0.05750313340624012
19440,1,0.0564856552688895
19444,0,0.0528534739811352
19454,0,0.046419476258742744
19461,0,0.05942631225476509
19469,0,0.05449191950927206
19472,1,0.05809654304841541
19475,1,0.053887055085242566
19484,0,0.03343242156187912
19487,0,0.03526177239862482
19490,0,0.03517934220898602
19493,0,0.037765789178083174
19496,0,0.05710764093339456
19504,0,0.062240468520039664
19507,0,0.055441885162794885
19509,0,0.05466212022681124
19510,0,0.053778950423904216
19511,0,0.04483456589953048
19525,0,0.05470285734510275
19526,0,0.07157887932117112
19530,0,0.033398942654444284
19533,0,0.05456290452882978
19534,0,0.04223042618173055
19535,0,0.05080019076687078
19546,0,0.05879715086921553
19548,0,0.057783788304601666
19555,0,0.05158855716827582
19556,0,0.05018411324377919
19566,0,0.05609121294501222
19568,0,0.04750015355052083
19569,0,0.044225508099773415
19577,0,0.037784015769196044
19578,0,0.05191336993394841
19579,0,0.06190855525755162
19581,0,0.0500175774163529
19596,0,0.050714427489825006
19598,0,0.050664549676873116
19599,0,0.05809654304841541
19602,0,0.05809654304841541
19613,0,0.04338410388588835
19615,0,0.0493550517151574
19623,0,0.05832384005831351
19624,0,0.044118071999638395
19633,0,0.040570020594642646
19635,0,0.06218690299248763
19638,0,0.0554854202835564
19639,0,0.05548800423225264
19642,0,0.03517934220898602
19643,0,0.05528545152280856
19645,0,0.053775435829917284
19655,0,0.03889451841547102
19662,0,0.0489961413010942
19668,0,0.05427564241717621
19674,0,0.062247380453444176
19679,0,0.04741528468607895
19684,0,0.05151544449922273
19685,0,0.05009335453609418
19691,0,0.06796538862579893
19692,0,0.025735611094987263
19708,0,0.03945042699559249
19710,0,0.05540399488281919
19725,0,0.062247380453444176
19740,0,0.05273377954459681
19745,0,0.03503347136076453
19747,0,0.03381352502201636
19758,0,0.055141919355437115
19778,0,0.045125088135277346
19786,0,0.04229893198466056
19787,0,0.052311456138921936
19788,0,0.03943007349456842
19790,0,0.04066475646837262
19793,0,0.054317262622652
19806,0,0.04221503263983796
19818,0,0.055297970634810324
19822,0,0.04824031898142621
19825,0,0.04707798809860318
19832,0,0.052311456138921936
19835,0,0.05579988793527964
19836,0,0.041924088960027334
19843,0,0.05740057898002871
19846,0,0.05051319181643158
19851,0,0.03445461082060339
19852,0,0.03445461082060339
19853,0,0.04728768242279465
19854,0,0.044863450667641844
19862,1,0.04161480785651162
19868,1,0.03499844723038497
19874,0,0.04493343632524242
19881,0,0.052285769166645193
19884,0,0.04833014204248792
19885,0,0.04833014204248792
19887,0,0.04826094715032228
19890,0,0.037614767278267375
19893,0,0.0482586805773556
19898,0,0.05226009411211876
19912,0,0.0517198202732934
19923,0,0.05187639513180227
19928,0,0.021748720550668794
19934,0,0.05151685214470177
19935,0,0.05875004550810441
19939,0,0.05095676776261756
19943,0,0.04817459578955426
19947,0,0.05236286585611846
19957,0,0.049014620420967506
19961,0,0.05214725466164957
19962,0,0.05593657221393693
19973,0,0.052388588610737565
19976,0,0.05215607988042882
19979,1,0.052090297158121066
19983,0,0.05010386716534792
20000,0,0.049823734166995606
20001,0,0.047746391607757
20008,0,0.04572968819190258
20010,0,0.05603988185709521
20011,0,0.049432631291965824
20019,0,0.05622160701111971
20026,0,0.05095676776261756
20029,0,0.03319106808426646
20032,0,0.038099653928247754
20037,0,0.04222350721618774
20038,0,0.03649496944357798
20043,0,0.043063306240458975
20044,0,0.04216209448682272
20060,0,0.04250025393823931
20064,0,0.03464881666081263
20071,0,0.04597688926225182
20073,0,0.037110788488908746
20074,0,0.04550185600205503
20077,0,0.040770113080455826
20079,0,0.03201457269926406
20080,1,0.048095241494924036
20082,0,0.04742701377337387
20083,0,0.04262697552873491
20085,0,0.03437663064504457
20089,0,0.04445940438736544
20094,0,0.037110788488908746
20098,0,0.044525503084281465
20100,0,0.04036138759360483
20104,0,0.03544842403658162
20107,0,0.042245893261496505
20112,0,0.029528312676649546
20116,0,0.03683527777133479
20119,0,0.04363346207825136
20123,0,0.04548938179986618
20125,0,0.032477458599988525
20131,0,0.043030708123858424
20135,0,0.045704866651855705
20137,0,0.04074984967204652
20141,0,0.046669037571376644
20144,0,0.04558556305819613
20145,0,0.04923430888310457
20148,0,0.04923430888310457
20153,0,0.045327560762407786
20155,0,0.04305490045344042
20158,0,0.04371837988588957
20167,0,0.0429908866572197
20170,0,0.043012214482879105
20177,0,0.034352727382274295
20178,1,0.034170846576637555
20179,0,0.027699902403353703
20182,0,0.04240002959350658
20185,0,0.04289277294395561
20191,0,0.046113477782631286
20199,0,0.04595416197865676
20205,0,0.03203063741726191
20206,0,0.04299928050812854
20214,0,0.040269080653409985
20215,0,0.04071397645148707
20222,0,0.03458662695111476
20237,0,0.04925302924012478
20251,0,0.050223540491284704
20252,0,0.0277233716517449
20253,0,0.04193722401199326
20260,0,0.03734065307464987
20263,0,0.044110052303011446
20267,0,0.040689117291826865
20272,0,0.042371889995271673
20278,0,0.05334546495411307
20286,0,0.04913735911346992
20290,0,0.045727476552325
20293,0,0.04599443096812193
20296,1,0.0424350229691785
20316,0,0.051188550341454
20318,0,0.028073290022528837
20323,0,0.04035118632530336
20338,0,0.0462560230112365
20339,0,0.07042772049099853
20343,1,0.05388518374160163
20359,0,0.05399298891524799
20362,0,0.05360001812369627
20378,0,0.057617092883787274
20385,0,0.05142113189760682
20395,1,0.05520548998089273
20396,0,0.045490290589138886
20397,0,0.05745533135672668
20399,0,0.061983871936862764
20405,0,0.04478091612506574
20418,0,0.054807550146729556
20421,0,0.051668280511934214
20430,0,0.04108019839934525
20435,0,0.052207663356444195
20440,0,0.06068669085416665
20446,0,0.058824072492835215
20449,0,0.0496787928653855
20452,0,0.05947863225332205
20464,0,0.05339186321908546
20466,0,0.054441799049424
20475,0,0.049459045764277544
20485,0,0.041964835361535495
20486,0,0.04766590303489978
20487,0,0.05417961281883385
20489,0,0.057845673234439586
20495,1,0.042714802655704154
20499,0,0.054309501780781214
20502,0,0.047830097766825036
20503,0,0.05520548998089273
20504,0,0.0401670594044334
20509,0,0.05723799397307188
20513,1,0.05957709695773994
20516,0,0.061623261205983076
20521,0,0.04714151378887425
20526,1,0.055928005236116476
20528,0,0.0467760319917777
20532,0,0.032461994689983835
20535,0,0.06197698732956074
20538,0,0.0544328900669612
20540,0,0.04931486008080219
20541,0,0.03507312759813311
20554,0,0.062007123897144655
20555,0,0.0567366717442471
20559,0,0.058961131347785724
20560,0,0.05264534828143537
20563,0,0.0461968272375261
20569,1,0.05517846466629392
20570,0,0.05731516121120903
20571,0,0.05085886311427242
20575,0,0.05074618443152442
20582,0,0.044361587108808644
20584,0,0.058824072492835215
20586,0,0.05035973972464184
20587,0,0.05223226142001865
20590,0,0.046760027900869264
20593,0,0.050671340790760334
20604,0,0.08232935347472431
20605,0,0.048556585741757384
20606,0,0.06172096953277706
20608,0,0.04860449457254785
20621,1,0.06066046301011143
20624,0,0.027164526618239884
20638,1,0.06071279883771205
20644,0,0.06802000948494637
20649,0,0.058872904058079184
20661,0,0.06024834319649387
20663,0,0.06582518150057508
20672,0,0.06357198372347318
20680,0,0.06039522716146768
20685,0,0.059776155452205985
20693,0,0.038544943639377036
20697,0,0.038544943639377036
20700,0,0.048463055321232074
20705,1,0.06013107680820326
20710,0,0.05865326263692537
20713,0,0.04817492532833808
20717,0,0.046990061046050795
20726,0,0.06469901797333036
20733,1,0.049011848223430604
20735,0,0.056875372858348275
20743,0,0.061864334432638356
20747,0,0.0365458909336443
20752,0,0.03943079122460574
20756,1,0.06466766329542246
20758,0,0.05554135677439104
20762,0,0.05116253155986159
20770,0,0.04674478510475941
20773,1,0.0635369361529099
20781,0,0.05881549949682166
20782,0,0.048303639688460784
20794,0,0.019035764271688613
20800,0,0.04495865654231267
20808,0,0.056590251767696706
20814,0,0.06476176978595524
20819,0,0.06466766329542246
20824,0,0.059243466118693605
20827,0,0.06569055106258767
20830,0,0.06488025858568469
20840,0,0.05743059113014624
20854,0,0.0545161314470342
20857,0,0.04058556436957477
20858,0,0.05110361225672854
20861,0,0.04058556436957477
20862,0,0.054545167170792955
20863,1,0.05110361225672854
20865,0,0.0545695830748255
20866,0,0.055421275630120385
20873,0,0.05900422117182506
20879,0,0.051181456317778935
20880,0,0.0548086506604366
20881,0,0.05107848641625927
20885,0,0.05816867350121583
20887,0,0.058946696588418585
20894,0,0.0511757060851676
20900,0,0.03513612780544678
20903,0,0.03319112844640216
20906,0,0.04434205425756434
20919,0,0.029413951369178976
20923,0,0.0385652164794892
20924,1,0.05908402321887826
20929,0,0.05157985155680574
20931,0,0.04434205425756434
20932,0,0.055429453320793146
20938,0,0.033614953745877606
20940,0,0.055429453320793146
20943,0,0.035153702015707944
20950,0,0.055300121636002626
20951,0,0.05780065948897143
20962,0,0.058624714504195055
20965,0,0.04357102582618894
20970,0,0.04280393271683947
20978,0,0.017899116553387905
20980,0,0.054449935782456514
20983,0,0.05157985155680574
20985,0,0.06826858583700039
20995,1,0.044521580017535416
20996,0,0.052034281168390664
20998,0,0.05767225167239165
20999,0,0.043810083548474744
21005,0,0.05154828434867816
21009,0,0.04679104293224812
21015,0,0.05914167339360348
21018,0,0.027103284978750697
21021,0,0.058624714504195055
21022,0,0.0574867265656833
21032,0,0.04006692038533521
21039,0,0.05446272915975114
21040,0,0.02574095492702665
21044,0,0.05586110683399845
21051,0,0.06011873326655841
21053,0,0.05379324354625845
21054,0,0.06233273923624417
21071,0,0.029488020685342963
21076,0,0.05410072982462508
21077,0,0.05142173903952197
21082,0,0.029488020685342963
21090,0,0.04872068293631219
21092,0,0.04385352505167044
21104,0,0.0408747483084687
21109,0,0.04911970828287982
21120,0,0.03889778025588477
21122,0,0.039472654047927457
21123,0,0.04602854149045266
21131,0,0.03738438092421405
21132,0,0.03677071803276877
21136,0,0.0460513037838773
21137,0,0.04597658299452019
21148,0,0.03370684696604897
21149,0,0.04444335540255816
21150,0,0.04562064698458513
21156,0,0.04660615111911379
21157,0,0.03493198379825884
21165,0,0.04025448057134378
21173,0,0.04278102373537431
21178,0,0.04668911449905844
21179,0,0.03193762058235919
21181,0,0.04539213390055751
21182,0,0.03265903734096859
21186,0,0.04298157073738312
21187,0,0.049168144011527415
21197,0,0.04025448057134378
21202,0,0.042929833780295315
21214,0,0.03474030503433689
21215,0,0.04362263767258945
21220,0,0.04005473046003956
21221,0,0.020121822755764185
21222,0,0.04589219244830653
21227,0,0.04241967230588148
21232,0,0.045468406284040384
21233,0,0.04909550739030137
21239,0,0.022732911195979182
21246,0,0.03263091609953596
21253,0,0.04233554406091064
21266,0,0.03480591044334379
21285,0,0.03930065628181121
21290,0,0.03688700884653605
21292,0,0.04658312796726393
21297,0,0.04252505730376174
21316,0,0.03870720160631109
21317,0,0.04380407930685686
21318,0,0.047318117961336593
21319,0,0.049216625029371866
21323,0,0.028819916677101202
21326,0,0.04073275873769907
21334,0,0.04111853696303349
21335,0,0.03279276040382102
21342,0,0.026291312685843685
21348,0,0.04237758823075836
21352,0,0.04084979516482685
21362,0,0.03426111768673207
21366,0,0.046198837620549424
21370,0,0.04658312796726393
21372,0,0.02767132543326929
21373,0,0.042606727876455364
21388,0,0.0496765032924424
21394,0,0.06180050886195795
21397,0,0.05416880853097369
21402,0,0.04713586616315515
21413,0,0.054797402530442976
21424,0,0.061981052240816965
21433,0,0.05402405850556156
21434,0,0.05492261097496837
21436,0,0.05684511861664796
21438,0,0.05395866934531348
21439,0,0.054908859521131975
21448,0,0.05417408013645071
21449,0,0.06200430321326745
21456,0,0.06123924815971334
21458,0,0.06230920218487687
21461,0,0.05434640164686037
21464,0,0.05087119743202233
21466,0,0.05393557730261659
21470,0,0.0544135769691087
21474,0,0.05820011451404699
21476,0,0.05056938326823086
21477,0,0.05091888294131054
21480,0,0.043350224893478985
21483,0,0.059264078205974964
21484,0,0.061890719061113
21505,0,0.04039108261045131
21529,0,0.052892163022011246
21533,0,0.05495868555962672
21541,1,0.03975107716229455
21542,0,0.054147530801079424
21543,0,0.05098785224060762
21545,0,0.05490487493459192
21552,0,0.057981801132707754
21554,0,0.05467095840507464
21555,0,0.056069810438797676
21557,0,0.05144405052120746
21559,0,0.05451047104290894
21575,0,0.05493327898288059
21582,0,0.04724203424041312
21583,0,0.05176999371425256
21596,0,0.05682517479425431
21597,0,0.05393968030225713
21599,0,0.043388030983736996
21600,0,0.0401795321221434
21603,0,0.05091888294131054
21604,0,0.03505954956667778
21606,0,0.05887223610382786
21612,0,0.054230265947863544
21613,0,0.054230265947863544
21618,0,0.04542072493959178
21622,0,0.04286140303626454
21623,0,0.06300187945669872
21625,0,0.04367214619887145
21627,0,0.058649472409380746
21632,0,0.05903377575860045
21634,0,0.04300763727745897
21636,0,0.05903377575860045
21662,0,0.057280316418575186
21669,0,0.02583490746106216
21670,0,0.05996187213931064
21677,0,0.04059380801274829
21680,0,0.05890095777118993
21684,0,0.04104213800143645
21687,0,0.06200430321326745
21688,0,0.054373042886152606
21689,0,0.047182442741217405
21692,0,0.04981790298600684
21695,0,0.05502020938860919
21708,0,0.05141876636933382
21712,0,0.05141876636933382
21713,0,0.046470881162172635
21714,0,0.04390074108591089
21715,1,0.05892969257343722
21717,0,0.059764363084968734
21719,0,0.05576149189842963
21724,0,0.046506027487774285
21725,0,0.03486719611365441
21730,0,0.05882138752479712
21733,0,0.05882138752479712
21735,0,0.054327549923112665
21753,0,0.054091101854206965
21767,0,0.04590504429099387
21777,0,0.05192645284019098
21786,0,0.06810664770813334
21808,0,0.05446974982376846
21811,0,0.05120425628408676
21814,0,0.047743120785230624
21828,0,0.044471033652174294
21830,0,0.06383893129001009
21832,0,0.06481312636795471
21833,0,0.06810664770813334
21836,1,0.05863123212613659
21848,0,0.045327311005850926
21851,0,0.045327311005850926
21854,0,0.061710029759326095
21861,0,0.056221602578945755
21883,0,0.04819976185492678
21890,0,0.06478172022063022
21891,0,0.05968487428286796
21894,0,0.04071580499779712
21899,0,0.06277079701200533
21905,0,0.06322225882342647
21906,0,0.048310539029968604
21908,0,0.03873043417880042
21913,0,0.08474177717152868
21925,0,0.05989362279336554
21929,0,0.04178938191443933
21930,0,0.05991132037121723
21931,1,0.05943659120269282
21936,0,0.05177358077388092
21938,0,0.059940516684227625
21944,0,0.06584543646440606
21948,0,0.060554444170083294
21949,0,0.05653578592470927
21953,0,0.05070956079085654
21954,0,0.060531701794324703
21960,0,0.06194365319082962
21963,0,0.059926518117767245
21967,0,0.06228472516627531
21970,0,0.05667098507118653
21978,0,0.061004707288310284
21981,0,0.0648059492235471
21985,0,0.044772888274540366
21986,0,0.05028018199094095
21987,0,0.05096988699630575
21994,0,0.06938806207650271
21996,0,0.060849944611285185
22009,0,0.06380796499437583
22011,0,0.05140690906908487
22015,0,0.06050223605513503
22030,0,0.0644181269005304
22039,0,0.060531701794324703
22042,0,0.06238062310738557
22043,0,0.06839573848810132
22053,0,0.06356073809083122
22066,0,0.024571248554505255
22068,0,0.0681649416630578
22075,0,0.06259668562904737
22079,0,0.07357681373283297
22082,0,0.06032572326003908
22091,0,0.06594113605610966
22094,0,0.07839286308330172
22098,0,0.04878231556442686
22099,0,0.06490024298888102
22104,0,0.05627281699758104
22111,0,0.05593318751856118
22120,0,0.05159596521502839
22124,0,0.035217663997979105
22125,0,0.035217663997979105
22134,0,0.058489019507727696
22150,0,0.05882134531240041
22153,0,0.0621922642453801
22155,0,0.055492822133802425
22156,0,0.06216204365948169
22158,0,0.05109684449545955
22163,0,0.057308267544517656
22166,0,0.053625598029044916
22172,0,0.055121885699809955
22175,0,0.03763561957161612
22181,0,0.04694297857346925
22193,0,0.057504573659143216
22199,0,0.035194439515279424
22203,0,0.05475132946944146
22205,0,0.05475132946944146
22209,0,0.049948113795932544
22213,0,0.054922571397205404
22215,0,0.054922571397205404
22222,0,0.05330907669409264
22223,0,0.04418559726221332
22230,0,0.04054503343167789
22239,0,0.05248802703593439
22241,0,0.05499322987114472
22243,0,0.04373339751982907
22248,0,0.05684968689004697
22249,0,0.05064235781844045
22253,0,0.053810009441490475
22268,0,0.060650621836833035
22271,0,0.035217663997979105
22276,0,0.04712882177960785
22279,0,0.05375725952149777
22289,0,0.04833227120692852
22290,1,0.04515327506837597
22300,0,0.05747649131966999
22306,0,0.05199447852760544
22307,0,0.043703282632524695
22314,0,0.05455983714683866
22318,0,0.0501205485815928
22329,0,0.04619465674339498
22336,0,0.03653980977499236
22341,0,0.04083668289437794
22344,0,0.051216878827505766
22349,0,0.05455983714683866
22353,0,0.059080103800920734
22362,0,0.058878755222306484
22366,0,0.05203191079956196
22392,0,0.03586003822251701
22404,0,0.04319160833500533
22409,0,0.043148792939346745
22416,0,0.04530583534341312
22427,0,0.04530583534341312
22431,0,0.04858556208397093
22434,0,0.04592026260113552
22440,0,0.05999142849003118
22442,0,0.047860420533326675
22445,0,0.055971366121171984
22451,0,0.05493208425781279
22455,0,0.039533669511783595
22457,0,0.022503433632859993
22479,1,0.04399992465453575
22485,0,0.05214257270361482
22487,1,0.03378256203265986
22491,0,0.04797864497323658
22494,0,0.037030942699887555
22496,0,0.051675888530434304
22498,0,0.04040681510509444
22507,0,0.047767638958501855
22511,0,0.04545097518628753
22512,0,0.036957089118946976
22533,0,0.04824359516634707
22535,0,0.04530583534341312
22555,0,0.05242129813093965
22570,0,0.043148792939346745
22572,0,0.051934314299591194
22577,0,0.021505252214871443
22580,0,0.05575269426933065
22582,0,0.05046455587917812
22588,0,0.04539869078596629
22604,0,0.05014501949198965
22607,0,0.053315199617581716
22608,0,0.05536198649375929
22619,0,0.033115043399333875
22623,0,0.051654333890705714
22626,0,0.0458665406756503
22629,0,0.046259009772144706
22632,0,0.05376805645896538
22634,0,0.046201615059341006
22647,0,0.0532413495969111
22648,0,0.05504131315663476
22654,0,0.055971366121171984
22655,0,0.04719034575700031
22661,0,0.04838430392662693
22669,0,0.05333996266385607
22670,0,0.034915765949209025
22678,0,0.050888412012630724
22684,0,0.04866194586793326
22688,0,0.05900973194959726
22690,0,0.04713254066245908
22691,0,0.04875480235954866
22699,0,0.05540554143265801
22700,0,0.05173994354678748
22701,0,0.026330691046882657
22702,0,0.05889472528706571
22705,0,0.05234412016061552
22707,0,0.058872567187360454
22709,0,0.04537313269190112
22713,0,0.05205620804950393
22723,0,0.04002941138351362
22730,0,0.04673826069061993
22736,0,0.04258256558498514
22737,0,0.04018903853554711
22738,0,0.04074752492376714
22740,0,0.04630149150313518
22742,0,0.040844293599571306
22749,0,0.049933324827165115
22752,0,0.04147763596830679
22754,0,0.04034927548478226
22757,0,0.043318140382561356
22758,0,0.04357356197895354
22761,0,0.046176700900656856
22765,0,0.03752739739770361
22766,0,0.039502407958006684
22776,0,0.036375600092529145
22777,0,0.04258256558498514
22786,1,0.03293880132504694
22796,0,0.04923430888310457
22798,0,0.04435093097399493
22799,0,0.04370818450939402
22801,0,0.0322847190730676
22806,0,0.039869046443030964
22810,0,0.032633483692934964
22819,0,0.0435519684736926
22821,0,0.047609307884450516
22825,0,0.0623965284789663
22829,0,0.04430553775416651
22833,0,0.03921861585629738
22848,0,0.0492100544497841
22849,0,0.03515383719895844
22850,0,0.0276162760136727
22854,0,0.03845685437221156
22865,0,0.04359222135436835
22866,0,0.04367673644573911
22870,0,0.03707376738398983
22873,0,0.03752739739770361
22877,0,0.040309158963375134
22884,0,0.04033394991988458
22890,0,0.043084668376094946
22899,0,0.04665497160892246
22907,0,0.045193189844242025
22908,0,0.02615538486719745
22913,0,0.04022904052181666
22926,0,0.035366558100351775
22940,0,0.03949293025979481
22944,0,0.04488113200699784
22949,0,0.03203063741726191
22951,0,0.03889810718217397
22965,0,0.03456932607849185
22978,0,0.04257826453463596
22980,0,0.04068679586132656
22981,0,0.04068679586132656
22983,0,0.04891988368222157
22985,0,0.03698136991440891
22993,0,0.045637100798117676
22994,0,0.04072959590724803
22995,0,0.04222492865416864
23002,0,0.05747316929770693
23005,0,0.05824246507929392
23010,0,0.052164706717350184
23018,0,0.05733309173152066
23023,0,0.05490523725426732
23030,0,0.04753985570930013
23033,0,0.05783922619556503
23035,0,0.05120720299671305
23036,0,0.0522752908193685
23041,0,0.0499779431760694
23044,0,0.037576178533257974
23051,0,0.055076932500855
23054,0,0.05783922619556503
23058,0,0.04984505704325448
23059,0,0.04570761540774245
23073,0,0.06182242018917566
23081,0,0.05394881638030102
23084,0,0.051201450027560824
23087,0,0.05794583417561281
23091,0,0.05425934544388377
23092,0,0.05425934544388377
23097,0,0.03998799087670326
23100,0,0.05932329330456356
23111,0,0.057867474881896475
23113,0,0.05738900409606204
23124,0,0.03695108057200039
23129,0,0.03780691876003281
23134,0,0.057974131725428084
23136,0,0.05998972622947376
23138,0,0.054339185365494966
23139,0,0.0522752908193685
23141,0,0.05476479666204769
23145,0,0.054339185365494966
23162,0,0.05738900409606204
23173,0,0.046120055320342204
23176,0,0.05798059916688317
23186,0,0.05330380249985979
23188,0,0.05018907002864681
23199,0,0.0485430172782761
23200,0,0.054797764182024415
23235,1,0.07041535329940277
23247,0,0.04738672962857484
23250,0,0.05510194205245629
23255,0,0.06123163541696312
23261,0,0.053080679427008094
23267,1,0.06373727744124388
23269,0,0.055961705861988766
23279,0,0.048547858568367463
23280,0,0.05582496379945853
23281,0,0.05612255335747044
23283,0,0.056695074697563845
23284,0,0.02523432616164818
23291,0,0.05995201258722841
23292,0,0.05871904830942831
23295,1,0.060091122448289236
23297,0,0.04057434420275944
23314,0,0.04888242438210357
23333,0,0.05615001358810523
23343,0,0.04523336449621523
23346,0,0.07746384912337098
23351,0,0.0601789975054285
23353,0,0.048071310315694726
23356,0,0.06090691896906888
23371,0,0.04865498129463659
23380,0,0.05237621386022886
23383,0,0.06006185746397582
23393,0,0.06427015041907538
23395,0,0.048071310315694726
23398,0,0.055770355046657616
23409,0,0.04178093434615326
23415,0,0.05871904830942831
23416,0,0.05871904830942831
23432,0,0.053169502880738004
23434,0,0.05874769990707047
23447,0,0.06034839321873684
23453,0,0.04625691486519814
23454,0,0.06362246098110576
23456,0,0.06836272323689055
23457,0,0.05364800803808631
23458,0,0.02153279024589871
23460,0,0.06383893129001009
23463,0,0.06032572326003908
23484,0,0.0599870727663906
23485,0,0.05183795170441383
23486,0,0.057886591452572404
23491,0,0.053484676029547575
23492,0,0.0486551729916334
23497,0,0.05106017574854347
23501,0,0.055172221224977454
23504,1,0.05917833598024917
23510,1,0.05113556277842067
23512,0,0.047678618704626086
23515,0,0.044603964446540884
23518,0,0.057949609402373044
23519,0,0.05883958087953179
23520,0,0.051137957210292045
23522,0,0.058976673604428605
23523,0,0.057522425955182574
23524,0,0.05528038575546284
23531,0,0.054507171593276886
23532,0,0.05413781688914346
23533,0,0.054320508112923674
23536,0,0.03910908341420619
23539,0,0.04086989580838969
23540,0,0.05614251335000249
23543,0,0.05438993988561814
23544,0,0.059012018313298956
23547,0,0.053774014838860344
23549,0,0.061970025090257244
23563,0,0.01824928464505233
23570,0,0.05392254206991651
23574,0,0.05201564664808413
23587,0,0.05166284350243282
23589,0,0.051431893598797726
23593,0,0.05836047554885554
23598,0,0.04542485290357817
23602,0,0.054783478291675916
23607,0,0.04477196941035099
23624,0,0.0590918302436066
23627,0,0.04313286212257982
23639,0,0.054783478291675916
23643,0,0.05811959971654958
23644,0,0.028360066247249897
23652,0,0.05828355800425904
23658,0,0.05914948755702749
23661,0,0.029923017732582144
23664,0,0.038515571857522114
23679,0,0.040465509439337626
23693,0,0.05516453775231859
23706,0,0.0599870727663906
23708,0,0.040445391040486195
23717,0,0.03931950246135137
23719,0,0.05173615395499657
23720,0,0.05083441290254643
23721,0,0.05799975080764217
23722,0,0.04066914655196581
23727,0,0.05530745806685692
23730,0,0.05085965747351566
23731,0,0.06082096757162115
23739,0,0.0589832458840978
23745,0,0.061377461507990144
23746,0,0.05827509129259352
23752,0,0.023052598517261453
23754,0,0.0450097009303548
23758,0,0.04422279866357765
23762,0,0.05495648975910678
23768,0,0.04770215620018406
23769,0,0.05430032414138826
23770,0,0.058757719946687326
23774,0,0.05886828761208965
23775,0,0.05108529306677611
23777,0,0.053996209804264006
23779,0,0.045297664617504035
23783,0,0.05333042395392344
23793,0,0.052524639082829075
23798,0,0.05897047592329713
23799,0,0.05897047592329713
23806,0,0.050067353930735754
23810,0,0.042311477939038195
23812,0,0.045960111981387615
23814,0,0.05902802225676681
23817,0,0.056092171029568906
23827,0,0.05596138465863216
23839,0,0.04804267948524197
23842,0,0.05557930086018887
23844,0,0.04567720046680475
23846,0,0.048282528958611334
23848,0,0.052457531289500266
23850,0,0.054977610123587144
23852,0,0.05583529484703123
23866,0,0.0481160973796787
23871,0,0.05207830781583777
23872,0,0.057118198641222855
23884,0,0.04861155596218917
23891,0,0.0488490433355909
23900,0,0.058948291108906356
23903,0,0.04185498859215
23906,0,0.04212933523947653
23910,0,0.04985149144888164
23919,0,0.05122847437392246
23920,0,0.036015094947803666
23927,0,0.049527850218981075
23937,0,0.04703279767575401
23938,0,0.04760453963949498
23940,0,0.05328409089736973
23943,0,0.06357873366154398
23958,0,0.05473577444936063
23967,0,0.04462102074722079
23971,0,0.026767743670522436
23973,0,0.058833396704348215
23986,0,0.06360959626885115
23990,0,0.07197747662841551
23992,0,0.05210389846992507
23996,0,0.023657096043050427
24009,1,0.15256513402442173
24011,1,0.16822957259989987
24016,1,0.1782427466377622
24034,0,0.23041793610568476
24037,1,0.1514680466251389
24039,0,0.16383015245719584
24045,0,0.15365534241108558
24048,1,0.20645180348559733
24050,1,0.17922505187681553
24053,1,0.21128328614057812
24056,1,0.18874670768167767
24063,0,0.3188720541532013
24066,0,0.08061460201549628
24068,1,0.03549853996545215
24070,0,0.04836897477528023
24077,0,0.041159141083674314
24082,0,0.04490676120598553
24084,0,0.035281367519578694
24090,0,0.03250058270430211
24100,1,0.03248190826895453
24115,1,0.032559369244732295
24133,0,0.04227065395087848
24136,0,0.051686249239375294
24137,0,0.039309768742275805
24141,0,0.05537017667980844
24143,0,0.03573252719209103
24157,0,0.046601294249440046
24158,0,0.054048156885056695
24169,0,0.05170346908349727
24174,0,0.05567063961537978
24187,0,0.05807339749330148
24189,0,0.04407897199344543
24193,0,0.04425342135987186
24200,0,0.04715926250915156
24207,0,0.026656435173827167
24210,0,0.05234325275569432
24211,1,0.04425342135987186
24214,1,0.044399101592754744
24220,0,0.045345210371329485
24222,0,0.04736225771637158
24224,0,0.062162235392740794
24230,0,0.05259718607427457
24234,0,0.04876804981266502
24235,0,0.015719816358678834
24237,0,0.048639949917538144
24238,0,0.04767776631149761
24240,0,0.04807747706235371
24244,0,0.05227887474190675
24251,0,0.03300622673009712
24264,0,0.18490597091566727
24266,0,0.032779185102722035
24272,0,0.04621195291333383
24283,0,0.025405441897097987
24289,0,0.0242957948869221
24294,0,0.03457011840766294
24295,0,0.05767351716057801
24302,0,0.048329127527826955
24305,0,0.05692635481263181
24306,0,0.0473155124470042
24319,0,0.06288716631211587
24324,0,0.05144995256413559
24329,0,0.049808700691118035
24330,0,0.04227505108132535
24339,0,0.05731946710337559
24340,0,0.04560242470186222
24341,0,0.028901423853645653
24346,0,0.07290051409520674
24347,0,0.06925867940937042
24348,0,0.04557888064346376
24352,0,0.05531750159393893
24356,0,0.04456836433505681
24360,0,0.04305020117167534
24365,0,0.04227505108132535
24370,0,0.03792021957996484
24371,0,0.05024607180335364
24372,0,0.03470876240994153
24374,0,0.04323827585056451
24381,0,0.045262268378763945
24403,0,0.04436315096218313
24414,0,0.04852302529731169
24416,0,0.05779739368495757
24425,0,0.04319541628234791
24426,0,0.033856765173070236
24430,0,0.03260053025220653
24431,0,0.05415424400914106
24433,0,0.03455677596685041
24443,0,0.06962707440333396
24453,0,0.05137412713721218
24457,0,0.03744634348165478
24459,0,0.02963305919616801
24461,0,0.04213468417236175
24462,0,0.05528423967744529
24467,0,0.032613711256353074
24470,0,0.03566526505720038
24475,0,0.03372494470546506
24479,0,0.05359946908991974
24483,0,0.05757202288490166
24488,1,0.022625618449014034
24489,0,0.039604402386517946
24493,0,0.052009247935884156
24503,0,0.05639657345442501
24504,0,0.0318339663108211
24506,0,0.03526017988369747
24507,0,0.05292809600283695
24509,0,0.05508079793883782
24510,0,0.054955860715777884
24513,0,0.05802359240147995
24515,0,0.04510835784773378
24526,0,0.03549866598431068
24527,0,0.05449479969238248
24530,0,0.05782525313083657
24531,0,0.026695107519604216
24537,0,0.047490079600408276
24540,0,0.02646258483451706
24542,0,0.03450211813260129
24560,0,0.047155352355295034
24563,0,0.03527781387307907
24565,0,0.047982690305237385
24566,0,0.05954293886476469
24567,0,0.024386566804912673
24569,0,0.05564340000215451
24570,0,0.045291592328922534
24576,0,0.050662495145023315
24581,0,0.050680004661864474
24584,0,0.05169766339831334
24592,0,0.04939441307570045
24595,0,0.0352667913708932
24603,0,0.0257601310408248
24604,0,0.02896238261820841
24614,0,0.01591022932986522
24624,0,0.013147598437005982
24638,0,0.04572041758865321
24641,0,0.027636393269111215
24650,0,0.016588756239857373
24652,0,0.051094611341039764
24656,0,0.017986749779633656
24658,0,0.04651526672075614
24660,0,0.05861438799517069
24664,0,0.045607434577045976
24667,0,0.04364700056898068
24669,0,0.036678631951100216
24672,0,0.047737802766928655
24674,0,0.05257136658056852
24685,0,0.045068020871923443
24687,0,0.020867142612152743
24694,1,0.03354160737889006
24695,0,0.034214908740744704
24696,0,0.03128200451711955
24697,0,0.025758794509133348
24700,0,0.05645552037206732
24712,0,0.028362634780818782
24715,0,0.025497133012234927
24733,0,0.06833052465747365
24734,0,0.06795121948913492
24738,0,0.0356273234612819
24741,0,0.07254422257971649
24744,0,0.05097906298391264
24749,0,0.06309582068751857
24751,0,0.06782228165828963
24753,0,0.07210062757029455
24757,0,0.07079177813240045
24759,0,0.06644150976748521
24760,0,0.03631130175989866
24764,0,0.05289543042213526
24766,0,0.07723493501809793
24770,0,0.01956968308052947
24778,1,0.06378957540650851
24779,0,0.05882741372936138
24784,0,0.030021341428823536
24786,0,0.059832292673006916
24787,0,0.036424357055822636
24791,0,0.06821427969860792
24793,0,0.06479019110588599
24809,0,0.05315567030885151
24813,0,0.07812608652283444
24817,0,0.0263924754263508
24818,0,0.05602911157676571
24821,0,0.06106530456604637
24823,0,0.06951989384821847
24834,0,0.056001706965188296
24841,0,0.059837235443520743
24842,0,0.06652805540601507
24843,0,0.060099528558298185
24857,0,0.05564413934160069
24859,0,0.04551683126988389
24862,0,0.07427973654010529
24868,0,0.05564659262092006
24876,0,0.03775852476646939
24889,0,0.03866560706502783
24896,0,0.0663352038082027
24899,0,0.06951989384821847
24900,0,0.05894229718163661
24904,0,0.05629944981744424
24905,0,0.03582793687745193
24906,0,0.03561656504643579
24908,0,0.03809287751539725
24909,0,0.025362701760477155
24910,0,0.21041904120755114
24913,0,0.06699009042359341
24917,0,0.03905464325250663
24924,0,0.061436449347832656
24926,0,0.06947684610551841
24933,0,0.04357875899032102
24939,0,0.05590615003026175
24948,0,0.07819223675949255
24951,0,0.0604073113381517
24959,0,0.06931901353825348
24961,0,0.03202873341020279
24975,0,0.07375211101456981
24976,0,0.03780208772758078
24979,0,0.06322417904213054
24981,0,0.03820090166321725
24994,0,0.038714978634693996
24996,0,0.07281567931791458
25000,0,0.07424410738321388
25004,0,0.044036637589729165
25007,0,0.06465393425662228
25017,0,0.04091489963354604
25018,0,0.041469505108665726
25022,0,0.07330705826420231
25025,0,0.07330833601379391
25030,0,0.07260601882304706
25034,0,0.06983805016323294
25035,0,0.04049454795298402
25050,0,0.027957926294793985
25052,0,0.07312925131168137
25053,0,0.1912451233866095
25054,0,0.07172988883649745
25055,0,0.06321726317547127
25058,0,0.0392690094105099
25063,0,0.07182373536850198
25064,0,0.06478591224638007
25065,0,0.06465699900843218
25066,0,0.07382295040341902
25068,0,0.07161671039832851
25075,0,0.020294811890970738
25085,0,0.06901683755930675
25089,0,0.03413462955196339
25090,0,0.06961286600438618
25096,0,0.031542460749081354
25098,0,0.052362337412442915
25107,0,0.07210062757029455
25112,0,0.06026882906268208
25116,0,0.06098707297517648
25123,0,0.06953246623501178
25127,0,0.07306900819457325
25128,0,0.032745816119505354
25129,0,0.06979930732382209
25130,0,0.04080324231496293
25131,0,0.06409444053848873
25139,0,0.07303391396089091
25140,0,0.06758572228768128
25145,0,0.0611346856079393
25153,0,0.03501112059923095
25154,0,0.05718023184291014
25155,0,0.05702782073718672
25157,0,0.04438704177368638
25160,0,0.0665156885504964
25161,0,0.06765328839390977
25164,0,0.041557278246561205
25187,0,0.07217000429431081
25189,0,0.06842969471097166
25190,0,0.04667458576241162
25192,0,0.06082326703231706
25194,0,0.07296377207179723
25201,0,0.053578005679147174
25223,0,0.06258822397963792
25228,0,0.0475295988872953
25232,0,0.06831317038969023
25235,0,0.06643156460561905
25236,0,0.07189286630396517
25243,0,0.04931989991508027
25244,0,0.06994421391031524
25247,0,0.060099528558298185
25254,0,0.06876081284702608
25256,0,0.03287418318599135
25260,0,0.05871274022427044
25261,0,0.06833862367604009
25264,0,0.04048303404028699
25265,0,0.06784855414544723
25266,0,0.06586250593397529
25272,0,0.06727303981024635
25273,0,0.07158225982097283
25279,0,0.06444264000570381
25289,0,0.06378163747014148
25291,0,0.07368996676899132
25292,0,0.04144890911146422
25302,0,0.08677985434716513
25310,0,0.07330833601379391
25314,1,0.029606484191335172
25325,0,0.04461312235362511
25327,0,0.027847713702117614
25343,0,0.05690221264211716
25346,0,0.06975035264094188
25354,0,0.0541000972786793
25364,0,0.014089986561967912
25366,0,0.05685269501439188
25375,0,0.04731888508093921
25378,0,0.037169774999489535
25416,0,0.03204480499872576
25422,0,0.07346532011177866
25425,0,0.0351266924721258
25434,0,0.08540172993363207
25437,0,0.04040123439181385
25442,0,0.051648709261057524
25454,0,0.2376318967044131
25463,0,0.046231984534771974
25465,0,0.061452217055269695
25469,0,0.06945325137096478
25472,0,0.06271507017420054
25474,0,0.03929111073895584
25482,0,0.07433307558169196
25485,0,0.0800583658948524
25486,0,0.05805413434300202
25487,0,0.08125858886460051
25492,0,0.03545946907708016
25495,0,0.08045852537987981
25496,0,0.037059321270320536
25504,0,0.2622824561937215
25507,0,0.045333641367920875
25509,0,0.07595100374608109
25510,0,0.03412925649507335
25516,0,0.0843648007383026
25519,1,0.23700025971595132
25527,1,0.07162358332156529
25536,0,0.07707025329884057
25537,0,0.04257079904751524
25540,0,0.07431647998419322
25541,0,0.05560979964313863
25549,0,0.07547950291700521
25550,0,0.07507720191789939
25552,0,0.0629823796656359
25560,0,0.07004917605558661
25561,0,0.05154492616540389
25566,1,0.06653956014284933
25568,0,0.06983123736198245
25571,0,0.07178580018888085
25582,0,0.0628487744857784
25583,0,0.06528685957570626
25585,0,0.0821108586083156
25587,0,0.06552153501685819
25589,0,0.06957373520971633
25595,0,0.08021117749280605
25614,0,0.03128615140339383
25626,0,0.03332561340133366
25636,1,0.06115174050316648
25637,1,0.07741251915168641
25639,0,0.06461914218479771
25645,0,0.07087750535009243
25648,0,0.07595100374608109
25649,0,0.0654866236946889
25650,0,0.07573102388928978
25654,1,0.062160094693516216
25659,0,0.02310785662212141
25665,0,0.0698226036756561
25677,0,0.08487694837860255
25690,0,0.08230351384401918
25691,0,0.08511879073642929
25698,0,0.05649357157362864
25699,0,0.06262373863356491
25700,0,0.0771907247502128
25702,0,0.0771907247502128
25706,0,0.06662551987175137
25710,0,0.07537107741899092
25712,0,0.06259332237859534
25713,0,0.07863544475754272
25716,0,0.05830972692112362
25725,0,0.07623416063526432
25734,0,0.048501288569294594
25735,0,0.07519942481691842
25736,0,0.061354100184856535
25750,0,0.09707870958288126
25751,0,0.0649618136991156
25759,0,0.033849968181624744
25764,0,0.036585519259594704
25767,0,0.06750811641697645
25770,0,0.06558183840028357
25780,0,0.06085811983176837
25789,0,0.07030722912162493
25797,0,0.05930281365376448
25798,0,0.059891267295138405
25802,0,0.05466624143696582
25806,0,0.07462477374588683
25810,0,0.07699655689709166
25826,0,0.06195196565854494
25828,0,0.0347161937161903
25833,0,0.033048852172261896
25837,0,0.0615326285978111
25844,0,0.06613563708165472
25851,0,0.07580563937188257
25854,0,0.035299242367034196
25881,0,0.0704747958233655
25882,0,0.04792204047965156
25892,1,0.05942879871474516
25894,0,0.06613319346662966
25896,0,0.07518523903560559
25903,0,0.06199169731179552
25922,0,0.04855873238554854
25923,0,0.08226437800289889
25927,0,0.0524292145322044
25938,0,0.03745272948517321
25942,0,0.0727389715434983
25943,0,0.07569678374093078
25944,0,0.05123336654243001
25960,1,0.05402358273902461
25962,1,0.06619527181533769
25971,0,0.07170498368391232
25976,0,0.07165685386816151
25978,0,0.04112155959279804
25989,0,0.08572059813603451
26004,0,0.07382716731347524
26006,0,0.08128194106658893
26009,0,0.0761549285030936
26011,0,0.08095840527024167
26014,0,0.07606019487433052
26016,1,0.07444602481785384
26017,0,0.06601030852309735
26037,0,0.05883303977180667
26042,0,0.0750553820684503
26063,0,0.050205415651943426
26066,0,0.07346532011177866
26067,0,0.0781881224117092
26068,0,0.04537095502764102
26069,0,0.06653956014284933
26070,0,0.05652759270255752
26076,0,0.04036704395561899
26081,0,0.062160094693516216
26083,0,0.028943570377156176
26087,0,0.06484228810220156
26090,0,0.0432866921734888
26092,0,0.02385669433680556
26096,0,0.037525386980205244
26098,0,0.03563600691044798
26099,0,0.05891919038310427
26103,0,0.08129728860567327
26108,0,0.066550338051676
26111,0,0.06141382077367508
26112,0,0.024747988778859056
26132,0,0.052165195238321
26136,0,0.04245492488216895
26139,0,0.07396431050508781
26151,0,0.08091985263797911
26153,0,0.05794893553815203
26155,0,0.08006708759766255
26167,0,0.08226437800289889
26168,0,0.18967345461812832
26169,0,0.0288346612042502
26171,0,0.08084279759727131
26184,0,0.06799915190834922
26186,0,0.027405678370363975
26189,0,0.05841511699857064
26192,0,0.039761934008727746
26193,0,0.06700014052029382
26195,0,0.04399019235922952
26199,0,0.060389331050251266
26201,0,0.06887865099526806
26202,0,0.060378644893296154
26207,0,0.04642883760218446
26219,0,0.059389017875763755
26223,0,0.0709282092478135
26232,0,0.07703945581349243
26248,0,0.05878458247256389
26252,0,0.07380111691943535
26253,0,0.07139197608889421
26254,0,0.06854977362918194
26256,0,0.05626999542424641
26259,0,0.06546301836760987
26262,0,0.07377505334925274
26265,1,0.07834362927025011
26272,0,0.07262808994553345
26282,0,0.06904206638935549
26283,0,0.07715851255163368
26287,0,0.0719512457512154
26306,0,0.06413166968743166
26308,0,0.034014031922902165
26311,0,0.042903346452766146
26322,0,0.03514342083824941
26327,0,0.0733207870334127
26328,0,0.038279271744347
26333,0,0.060064183115440574
26341,0,0.04971443073009462
26356,0,0.07349704874774703
26358,0,0.028585031649309776
26368,0,0.22501118365569195
26375,0,0.06699049764752006
26379,1,0.07610393758246815
26385,0,0.06715747689474882
26386,0,0.06295684337768773
26408,0,0.07008391029403067
26411,0,0.07274328490564357
26416,0,0.04741801685574324
26425,0,0.0728293232950992
26427,0,0.06883489484024062
26429,0,0.07303957782928694
26435,0,0.06302524699092163
26437,0,0.06793349104697652
26440,0,0.07325039140247724
26451,0,0.057088869907772004
26452,0,0.06064791098478508
26454,0,0.03356680484350998
26456,0,0.07363352171727405
26465,1,0.06855162459514487
26468,0,0.04503344788792831
26485,0,0.0700430622288123
26486,0,0.040763322098117866
26488,0,0.07157985024883419
26497,0,0.05551436871214307
26502,0,0.059775181363249295
26503,0,0.06891653715761893
26505,0,0.059033244655544465
26512,0,0.0675234689270729
26513,0,0.04964661602262286
26517,0,0.06617352391178177
26520,0,0.07335120801487774
26523,1,0.06894980007446809
26529,0,0.04854635066761647
26549,0,0.14538607394763084
26550,0,0.06006581973084995
26554,0,0.03210036864403756
26555,0,0.04509810686558502
26564,0,0.0285418899074614
26566,0,0.06802403733988047
26583,0,0.06403841611226652
26590,1,0.044494225667027466
26594,0,0.06851668949231966
26601,0,0.037816932676528414
26607,0,0.05629752349397376
26609,0,0.04227244582290756
26619,0,0.06403812760924277
26622,1,0.060482403765819454
26624,0,0.048391759804628696
26625,0,0.04477655670496765
26626,0,0.07254178315648854
26635,0,0.06703254507015717
26638,0,0.057616005757761525
26639,0,0.06067194835080313
26643,0,0.04486675511931504
26644,0,0.06227902914687394
26647,0,0.0565262952645373
26648,0,0.06910298715153763
26656,0,0.04676805987927925
26658,0,0.04515861098164586
26661,0,0.07314491466045034
26665,0,0.07459307690404893
26679,0,0.08491232263894603
26681,0,0.06747964936806197
26683,0,0.05622573645149454
26685,0,0.05811215113630722
26705,0,0.04503344788792831
26708,0,0.0699417449308649
26713,0,0.04567569765940061
26714,0,0.03886352770606955
26715,0,0.038878466029498925
26716,0,0.06657801824523568
26720,0,0.06632299544792938
26730,0,0.0687459241807534
26735,0,0.06325540097652094
26740,0,0.05619824139346568
26747,0,0.09029414694324524
26753,0,0.05962857402212428
26754,0,0.06420724389466637
26759,0,0.06520620023150395
26760,0,0.03849131983272311
26762,0,0.06303224021766515
26765,0,0.044049644539055036
26769,0,0.06544698049282174
26773,0,0.04693001060837425
26779,0,0.06430166079960446
26780,0,0.04445659158019428
26783,0,0.06231669267670834
26786,0,0.05509461167908775
26788,0,0.05035577479048595
26790,0,0.03700735467347672
26792,0,0.04940696470605142
26793,0,0.06882929218953698
26802,0,0.031977304874773155
26807,0,0.06242303162531718
26809,0,0.04350400322878218
26810,0,0.06294582024388089
26811,0,0.03612911917248839
26812,0,0.05149784786289985
26813,0,0.04639305918944132
26814,0,0.06570372704106432
26817,0,0.061841195406068764
26822,0,0.031595550237583425
26829,0,0.03571942448978364
26830,0,0.06785498475004825
26839,0,0.042102226672277
26844,0,0.055316342138264994
26845,0,0.07715851255163368
26848,0,0.04127601792822524
26851,0,0.06088454473683391
26858,0,0.05629752349397376
26874,0,0.049020549128660953
26886,0,0.06887865099526806
26893,0,0.06390363224926524
26905,0,0.05909312277545613
26907,0,0.0703006689603571
26910,0,0.049247942836584103
26913,0,0.07356766260597003
26919,0,0.07719039318151229
26929,0,0.047478309537236196
26933,1,0.043493665661428864
26936,0,0.06864911485498607
26940,0,0.029587874238048
26949,0,0.06005950472814281
26957,0,0.06747964936806197
26961,0,0.06117405247958055
26974,0,0.027985122778590936
26977,0,0.03599096525028734
26979,0,0.06914938010515476
26982,0,0.041128024024978345
26983,0,0.06650421203250988
26993,0,0.04103483292912069
27008,0,0.06405887077606502
27010,0,0.048082197362342385
27012,0,0.05938198991245382
27013,0,0.03182154087062418
27032,0,0.06468314012935865
27035,0,0.04649179357417687
27040,0,0.06185552931656345
27041,0,0.04778278235885598
27055,0,0.0686046723874384
27062,0,0.04427659887332326
27067,0,0.06726332153187056
27069,0,0.056396796946654955
27070,0,0.056416689385943
27085,1,0.059376528696183845
27091,0,0.06381824536947064
27093,0,0.06458487350744249
27100,0,0.03432609625153078
27102,0,0.07339085951587307
27109,0,0.037873473038628855
27117,0,0.06760229665900985
27123,0,0.0419813984675858
27129,0,0.060378692695019415
27132,0,0.05138967714742539
27133,0,0.06323073411409244
27138,0,0.0643685548759084
27144,0,0.04421085258074957
27145,0,0.05797803878615019
27165,0,0.06777197525412451
27167,0,0.058734064496517
27171,0,0.07001873835391471
27176,0,0.06427672400818395
27182,0,0.053803474682725526
27186,0,0.06318603833625124
27194,0,0.013001600900893575
27197,0,0.05633397884995596
27201,0,0.09052177280879141
27205,0,0.03204727683262861
27210,0,0.07272938858051531
27219,0,0.03453482909217359
27221,0,0.024512292306855143
27237,0,0.0643685548759084
27240,0,0.07005568752593513
27243,0,0.03340175579529446
27252,0,0.029968431510770815
27254,0,0.04078357115682235
27255,0,0.06725965665758579
27259,0,0.050915291947788544
27260,0,0.06423844131475452
27266,0,0.03224932907315997
27275,0,0.055574816733003796
27285,0,0.05503741968725622
27288,1,0.06891628236124694
27290,0,0.06999589808350128
27297,0,0.04651477378740977
27310,0,0.06311365766334445
27311,0,0.053934743052961025
27315,0,0.027787935343327994
27340,0,0.03541015998371478
27342,0,0.07266749556265929
27344,0,0.0563524064717658
27350,0,0.026247248658887674
27351,0,0.03720828776135009
27352,0,0.06380605842942504
27354,0,0.06405887077606502
27360,0,0.062367749086469346
27363,0,0.05657613224132458
27364,0,0.05435930199609125
27375,0,0.060421583020353484
27377,0,0.025465961878343633
27387,0,0.04078550169038613
27388,0,0.05896456443471715
27395,0,0.06896984642353286
27409,0,0.0602251438625004
27414,0,0.025771174204729973
27421,0,0.06287942175240661
27422,0,0.06363271350028761
27425,0,0.06373190585974516
27427,0,0.070198591990271
27432,0,0.063620559582294
27435,0,0.06753567304826381
27441,0,0.05933584919397504
27443,0,0.04139458136489739
27446,0,0.030642035908673884
27447,0,0.05418366229591018
27452,0,0.06312417723371865
27453,0,0.028175539375346934
27458,0,0.05967687364381379
27462,0,0.06126345640874087
27473,0,0.04644586554278014
27476,0,0.09060714391795084
27477,0,0.05918163418684692
27480,0,0.06045300833660777
27482,0,0.04415372665736764
27488,0,0.06077244806113131
27493,0,0.040520814814303995
27500,0,0.06727937501124577
27503,0,0.06122696679913659
27505,0,0.04323080588237657
27510,0,0.05204414921232452
27514,0,0.03273779185619239
27516,0,0.06254143505501736
27522,1,0.05764987793115861
27523,0,0.028338944619633284
27534,0,0.084533077510843
27535,0,0.0649777113865972
27540,0,0.061555465611787166
27546,0,0.06767564012769307
27547,0,0.04711872146110272
27548,0,0.05821610212805435
27550,0,0.025779514545728185
27555,0,0.06458914000612882
27586,0,0.04639474137283043
27594,0,0.0500600718653273
27596,0,0.05981967763973862
27608,0,0.04021692511380016
27620,0,0.042221596949137595
27622,0,0.06767118449681297
27625,0,0.059997587321145344
27627,0,0.03919805463822181
27630,0,0.05973506555733834
27631,0,0.03167796796313516
27637,0,0.031752897203445755
27647,0,0.07263257906029459
27650,0,0.05435930199609125
27665,0,0.03668703586460237
27667,0,0.03177146751024307
27669,0,0.05069289884764909
27675,0,0.04430956256494651
27680,0,0.0220727607483691
27681,0,0.016476123937150967
27683,0,0.023635660527860956
27685,0,0.0167610713601104
27691,1,0.382645449794741
27696,0,0.3844555209904958
27701,0,0.39759133508181427
27704,1,0.3441458352169826
27711,1,0.3816368721675657
27722,0,0.3977293395048276
27731,1,0.41956106066373067
27734,1,0.43971598510569854
27737,1,0.40849615326744815
27739,0,0.4162319082661492
27746,1,0.25944522522160707
27748,1,0.40289212382449796
27755,0,0.4191431581676456
27756,0,0.4162319082661492
27759,1,0.41816633724018193
27770,0,0.35809428171857716
27777,0,0.43796482114948054
27783,0,0.4200952784856539
27784,1,0.4334258862035841
27785,0,0.41746795774879003
27787,1,0.4194641242051598
27790,1,0.43295475378499126
27794,0,0.22806574878657568
27796,0,0.45207983646456695
27814,0,0.47910774535445994
27826,0,0.4990220397145922
27829,0,0.4701346785284282
27830,0,0.41036472982934785
27834,0,0.41533921470477675
27840,0,0.7074034807324254
27841,0,0.43707377549196397
27850,1,0.46507917933430526
27851,1,0.47659343948839256
27864,1,0.44514235335956154
27865,0,0.4070402722247155
27873,1,0.3535082651449442
27883,1,0.38192368015105305
27884,0,0.39062527886769993
27890,1,0.41372989864558307
27891,1,0.4252706360305838
27899,1,0.42358418489480254
27900,0,0.3022381801651137
27919,1,0.39882984250526055
27924,0,0.39882984250526055
27925,1,0.40045329652405137
27928,0,0.397835794804064
27936,0,0.39610620492291027
27939,0,0.41212795902794475
27941,1,0.2528039904417735
27943,1,0.41212795902794475
27947,0,0.2685125729074694
27953,1,0.37047001155247994
27958,1,0.20377067058514098
27964,0,0.3102715070471203
27966,0,0.3386785529208542
27978,0,0.24164592398918594
27980,0,0.21565987303744383
27981,0,0.20654391736832456
27986,0,0.14378909557931324
27992,0,0.2651777337667182
27996,0,0.13595466185590452
28001,0,0.1608352945505616
28002,0,0.18154470507541914
28003,1,0.2866272051332028
28006,0,0.22652016316817394
28007,0,0.22346870027671425
28008,1,0.22668863235060752
28009,0,0.09929003925151716
28017,1,0.22346870027671425
28025,0,0.1771099106825429
28027,0,0.19598124425516975
28031,0,0.15032961042181434
28039,0,0.23086510257702764
28046,1,0.2035827386311448
28049,0,0.14122527084175984
28051,0,0.10564718983214264
28064,0,0.10719832156679665
28066,0,0.2257426249383654
28067,0,0.1692824315454633
28094,0,0.13814880332864996
28095,0,0.18315909894601626
28097,0,0.20874347847761865
28100,0,0.18755785275540698
28108,0,0.14068480191794336
28110,0,0.20025639674836898
28111,0,0.10824192745507467
28113,0,0.16345115856983508
28118,0,0.19669252695025324
28124,0,0.15745558423003606
28129,0,0.10051134837647802
28133,0,0.11934598170969864
28134,0,0.17236797835923162
28139,0,0.16942331795100413
28140,0,0.11804485788814745
28142,0,0.10408245170426823
28145,0,0.09915040518076029
28146,0,0.15745558423003606
28150,0,0.15900296077596082
28156,1,0.1587248386503778
28157,0,0.0913323204641513
28158,0,0.2086443853211202
28171,0,0.1682407408603973
28175,0,0.16980469885867835
28185,0,0.23014448923799113
28190,0,0.2575548490267686
28192,1,0.23042522037249197
28195,0,0.20580333834056336
28198,0,0.17590955470623412
28205,0,0.19927100359071181
28210,0,0.21606518551332188
28214,1,0.23310020769512393
28219,0,0.2437983569337497
28220,0,0.2770999003020966
28224,0,0.17860182571845884
28229,0,0.09536022085902908
28231,0,0.18242162507978832
28233,0,0.1460843875794088
28234,0,0.2784281897406705
28242,0,0.12291060773326304
28262,0,0.20221512291648297
28263,0,0.2254907720895372
28285,0,0.23860889342320557
28291,0,0.11424654931451364
28294,0,0.2503926037121455
28308,1,0.23718755669408473
28312,1,0.3119926169688776
28316,0,0.2614260242407272
28321,1,0.22595543586539457
28330,0,0.25267258330732967
28333,0,0.19818873040508636
28342,0,0.19081943473634896
28345,0,0.10854317952040715
28349,0,0.08339979211232552
28350,1,0.2132745266019009
28352,1,0.26323124804033865
28355,0,0.12627071288325784
28370,0,0.20681641004606105
28371,0,0.1444278112062402
28372,0,0.21592801609682122
28378,1,0.23533618206535573
28393,0,0.12604921005298927
28398,0,0.22136260333891286
28399,0,0.14973399722684974
28407,1,0.23552275970678174
28411,0,0.07813282059712312
28420,0,0.200840180386907
28430,0,0.14648086338255514
28432,0,0.1670455340042624
28439,0,0.19439672803923966
28441,0,0.12782777281829258
28442,0,0.22939936209590714
28444,0,0.15784849550917074
28445,0,0.1832008383027445
28451,0,0.22043739981446997
28452,0,0.2169024212929887
28456,1,0.2579655324603051
28465,0,0.08697735743481473
28468,0,0.1751643215793533
28471,1,0.19704259791456918
28476,0,0.19704259791456918
28481,1,0.1325843295319621
28489,1,0.22939936209590714
28491,0,0.2299719182148509
28494,0,0.2045018394874204
28495,1,0.2045018394874204
28498,1,0.23043112296088947
28499,1,0.22079385022512366
28501,0,0.17258629372646245
28510,0,0.12993305059165475
28511,1,0.20594693952063298
28512,0,0.18388223496349915
28514,0,0.20057949673396144
28515,0,0.14093489005830387
28520,1,0.12562110685500202
28522,0,0.2318559785544707
28526,0,0.20871148850972235
28531,0,0.1654219927006548
28551,0,0.19299742057646221
28553,0,0.2438632130401307
28554,0,0.24728342784106125
28557,0,0.2949837964075837
28572,1,0.24464386795909804
28573,0,0.2385904687780634
28574,1,0.25760059838413235
28599,1,0.1377905127266531
28607,0,0.20823537088494487
28620,0,0.235301962908498
28622,0,0.5593035331537821
28624,1,0.21516634722496317
28630,0,0.1829884171504816
28631,0,0.22024680400030616
28632,1,0.1726242526336697
28634,0,0.1348063852914423
28635,1,0.18423139585853798
28636,0,0.12437990251526644
28640,0,0.10829234594771749
28644,0,0.09954801066275691
28645,0,0.28724331177738976
28649,0,0.2208170064252692
28650,0,0.10247236334891045
28658,0,0.20911723333946125
28663,0,0.09474121389461368
28669,0,0.11715692624660504
28674,0,0.12762881334881318
28675,0,0.20336450627696848
28677,0,0.1067774048551141
28688,0,0.1357446913084598
28696,1,0.12181646793044448
28698,0,0.12838084120681695
28699,0,0.19128223885854612
28700,0,0.19415435582041193
28701,1,0.23306001578139993
28713,0,0.2063849899059672
28719,0,0.19128223885854612
28722,0,0.17570859006221323
28725,0,0.2912684474398262
28727,0,0.23008241390401557
28728,0,0.15692822105273685
28739,0,0.18546838297518564
28743,1,0.21600584218969227
28752,1,0.21914858983072627
28754,0,0.18553256552121394
28758,0,0.14329234335845462
28763,0,0.11571733546306266
28771,0,0.2243497098102059
28773,0,0.2836442181771917
28776,0,0.1521760938146762
28797,0,0.14046743838245904
28802,0,0.21999021838405677
28803,0,0.241471365247825
28806,0,0.20883632733213453
28808,0,0.16136533942353
28814,0,0.13188613088611195
28819,0,0.16070816864435533
28822,0,0.2109187297997526
28829,0,0.13494877454855736
28832,0,0.0925804314001102
28835,0,0.232689676342716
28837,0,0.16147460628122765
28842,0,0.21764497680889774
28845,0,0.17940503839239166
28847,0,0.18664607512147474
28850,0,0.20102703267356895
28854,0,0.18891894965861752
28860,0,0.20027890744634724
28862,0,0.19684427218696812
28870,1,0.13493986621366702
28877,0,0.17322350854459911
28882,0,0.19597386716945747
28893,0,0.14357172995008372
28897,0,0.15004725985332681
28898,0,0.1739588250299728
28911,0,0.20927954750131017
28915,0,0.143146922711813
28918,0,0.09992578709193123
28919,0,0.1768395337930072
28920,0,0.13874073508324572
28927,0,0.12971403634296835
28936,0,0.2087053773931658
28938,0,0.21636259337590927
28946,0,0.11613783671911007
28948,0,0.15672684522053762
28955,0,0.12482246110011207
28961,0,0.1767516495393335
28966,0,0.1514012453396807
28971,0,0.10979938894150622
28972,0,0.12898409944597503
28982,0,0.19804561193811246
28987,0,0.13661489562309886
28989,0,0.15785737128824906
28993,0,0.09600296208892364
28994,0,0.1575819778001167
28995,0,0.11809489564930076
29003,0,0.250052587554029
29005,0,0.19974795939940032
29007,0,0.2023294720585002
29025,0,0.14655500331236168
29031,1,0.1879512667965617
29034,0,0.17323905211297985
29039,0,0.13289475327523578
29041,0,0.148935121337225
29046,0,0.1553768674174438
29047,0,0.0954486852565064
29052,0,0.1402170046140912
29059,0,0.10518946932239993
29069,0,0.20809821039006154
29070,0,0.19966512841988138
29079,0,0.174728675654547
29090,0,0.18473333969426775
29100,0,0.11681415049259564
29101,0,0.14529061640382332
29108,0,0.0942939666317285
29119,0,0.20567263013527942
29120,0,0.144868034602482
29126,1,0.11633379253544802
29130,0,0.1875460295521558
29139,0,0.19974795939940032
29143,0,0.18531095527330566
29144,0,0.12455066887231597
29146,0,0.21047584704426694
29148,0,0.2173093696710191
29151,0,0.21953041966511644
29153,0,0.21081259344067813
29156,0,0.11113934608634742
29157,1,0.11093544209708221
29158,0,0.1865974307924021
29160,0,0.13211094521660288
29163,0,0.17000195859072664
29165,0,0.15636284121225713
29173,0,0.23235384410717963
29175,0,0.16215280640185475
29176,0,0.1803861207474735
29178,0,0.13413360800207216
29181,0,0.20884290083048127
29187,0,0.2097945919244966
29193,0,0.19621221966302754
29195,0,0.22006864628562467
29198,0,0.19845749681416233
29202,1,0.21048758249099145
29204,0,0.13343351254118224
29205,0,0.1999007056338444
29209,0,0.2323749662219148
29210,1,0.21056890308546036
29224,0,0.14321010585207566
29228,1,0.22058247567946276
29234,0,0.11813706582955787
29238,0,0.2197766229101793
29244,0,0.1302526146141685
29245,0,0.21810454490387962
29246,0,0.13209973465323085
29252,0,0.1940857245055511
29266,0,0.18601408596224053
29274,0,0.09397050448418556
29280,1,0.2091856336829746
29284,1,0.2069136850358817
29285,0,0.13121100073144548
29288,0,0.11457088316872609
29289,0,0.1848894990845934
29295,0,0.12623561728613208
29308,0,0.20181303525067895
29309,0,0.15864205425780292
29318,0,0.1846552982602698
29321,0,0.08824907676252294
29336,0,0.18512392950608425
29338,0,0.12373772012155645
29340,0,0.21131205014131396
29343,0,0.18749914090528388
29361,0,0.20592100763836493
29363,0,0.15652595557578203
29367,0,0.20904762458886988
29369,0,0.1313292046308438
29376,0,0.17838827259260018
29381,0,0.1272340474640985
29387,0,0.1515756751583193
29388,0,0.14321010585207566
29403,0,0.1340633954442064
29409,0,0.154528517677129
29416,0,0.16614165800436867
29419,0,0.09076263093716228
29423,0,0.15817059357017274
29424,0,0.11854540332305688
29425,0,0.08026500573389843
29428,0,0.18610019084722562
29431,0,0.12420062028552224
29433,0,0.07752947472896968
29437,0,0.16831053800990373
29438,0,0.16559250665814013
29439,0,0.14393287481875955
29448,0,0.16973882156905806
29449,0,0.14871060299749395
29450,0,0.17617494509012346
29456,0,0.1254220652523908
29458,0,0.1282487495742865
29460,0,0.11177683698449214
29471,0,0.12115072862996316
29473,0,0.14253628270004606
29475,0,0.1535999953889678
29492,0,0.16889665186998676
29495,0,0.1910955579823319
29503,0,0.5231505007234127
29505,0,0.07179228368836392
29506,0,0.17879973301888163
29512,0,0.16561844050821078
29521,0,0.15933748464744532
29523,1,0.18076392053962595
29526,0,0.08098650662982708
29531,0,0.17879973301888163
29536,0,0.177924035204512
29544,0,0.17617494509012346
29550,0,0.10726542528581874
29552,0,0.17828602784429068
29553,0,0.054719393098918004
29554,0,0.1535062785507993
29558,0,0.13909259788174208
29568,0,0.1917189262893085
29582,0,0.16576564032831526
29584,0,0.1397864427568723
29594,0,0.10355486190169666
29604,0,0.12549415443708994
29607,0,0.10960157821955267
29612,0,0.1151981528903454
29614,0,0.14969020487020085
29626,0,0.2030943613265797
29633,0,0.18468483526703175
29634,0,0.18685546934023592
29635,0,0.11961834858727381
29636,0,0.18732840144879448
29638,0,0.18468483526703175
29639,0,0.08272162610306058
29645,0,0.12222214081549308
29648,0,0.17899815662775215
29655,1,0.1596690069786145
29667,0,0.0798131728657505
29673,0,0.11597817225242575
29675,0,0.09820686628309921
29680,0,0.1415258101876677
29691,0,0.1984665675688609
29694,0,0.12060948318621205
29696,0,0.14930206154923412
29698,0,0.11921698171922822
29701,0,0.20665590213734267
29702,0,0.1116836691686653
29704,0,0.1609953370137573
29720,0,0.14844835385396837
29727,0,0.1916569724301988
29730,0,0.15783408240786204
29731,0,0.12037053471538325
29738,0,0.1595349155631328
29739,1,0.16538828797001964
29742,0,0.09799945356953568
29746,0,0.18649300956376313
29752,0,0.11931269990480672
29759,0,0.10572735004659577
29762,0,0.12283507464782495
29767,1,0.18523172861515036
29772,0,0.25773364183634084
29777,0,0.1699976608858094
29781,0,0.14827730826966848
29789,0,0.1250054656196048
29804,0,0.16542004449658013
29817,0,0.16030041855031574
29822,0,0.08063131490660098
29825,0,0.10518954487429114
29830,0,0.16852829341398737
29837,0,0.07751222940659387
29840,0,0.1550823157843951
29843,0,0.14827730826966848
29844,0,0.1897080640402046
29850,0,0.15055354147374103
29851,0,0.06914372879893936
29852,0,0.15819880855960447
29862,0,0.05363318593686166
29863,0,0.21940940855077384
29871,0,0.12000092422838438
29872,0,0.15079057598195061
29873,0,0.14687203150879255
29877,0,0.12369713028277088
29878,0,0.16897634283735535
29881,0,0.04307451780391639
29898,0,0.17854163480448004
29901,0,0.10066244398469343
29904,0,0.08922972260665278
29910,0,0.15747037705872544
29915,0,0.14851388031965093
29920,0,0.14921523926401395
29926,0,0.12070017105447957
29928,0,0.0810250882184707
29929,0,0.18884409404602956
29930,0,0.11782864479823137
29933,0,0.15799186380803998
29946,0,0.14871060299749395
29947,0,0.1277721986850055
29951,0,0.1842170642806793
29953,0,0.11245387317201087
29958,0,0.10704246199494291
29970,1,0.2764283750094664
29971,1,0.24608875581135028
29975,0,0.2181693036055127
29981,1,0.18460246015353396
29982,0,0.21587366037237637
29983,0,0.22925776138604864
29990,0,0.2591646677824556
29992,0,0.24287028789865373
30003,1,0.20606637759814997
30005,1,0.2663748188883205
30006,1,0.21320790582896854
30018,1,0.24703337341976428
30023,1,0.18136806809874842
30027,1,0.18027954862961726
30029,0,0.2974300722684196
30033,1,0.1612438115194331
30051,0,0.1156818848937422
30061,0,0.1518599833405279
30062,0,0.20930006372552926
30064,0,0.12108061212197967
30066,0,0.20354650665217017
30067,0,0.18609030570568894
30068,0,0.18890267489361132
30073,0,0.24302199503054378
30076,1,0.20929955718218446
30088,0,0.12763835577316712
30090,0,0.1874589968147208
30097,1,0.1874589968147208
30098,0,0.09650483703319844
30112,1,0.20751420210947666
30121,0,0.2609420990824543
30133,1,0.24481052756472238
30134,1,0.20274406806601894
30137,0,0.20491156402006785
30141,1,0.22848851574044746
30145,0,0.22003457649072983
30148,1,0.24169488098830075
30149,1,0.5534628740348477
30152,0,0.18410964274005565
30166,0,0.20627394255326523
30169,0,0.20627394255326523
30170,0,0.18457720267360775
30183,1,0.207842020043116
30185,1,0.2283109536760279
30191,0,0.1383843569208292
30195,1,0.22334212645727927
30197,1,0.2224457683880217
30199,0,0.2308218426576448
30200,1,0.2485103164718802
30209,1,0.22280320052919272
30210,1,0.11493896691938339
30211,0,0.2193527851808367
30214,0,0.2544953584827354
30216,0,0.22885927898136957
30219,1,0.1970193103431531
30220,1,0.2091934509812007
30226,0,0.23989472748427254
30232,0,0.20390017856097378
30234,1,0.20390017856097378
30236,1,0.20438850430761124
30240,0,0.2055113134520049
30241,0,0.26793455024578094
30264,0,0.21799406203684588
30280,0,0.24046949831039213
30287,0,0.1448374358622455
30302,1,0.21586091422184442
30305,0,0.23493813263820063
30306,0,0.22280320052919272
30307,0,0.506005572452747
30311,1,0.4967578828323685
30314,1,0.5253241489863952
30325,0,0.24169488098830075
30326,1,0.19275986407826146
30329,1,0.21533503537510174
30335,0,0.17715206691875826
30352,0,0.24473698402380709
30355,0,0.221157576876003
30356,1,0.19564880019299924
30357,1,0.23272371665522648
30358,0,0.21980180948448344
30359,1,0.14875675122550278
30360,1,0.18541652793402363
30375,0,0.22929599647566823
30379,0,0.11796009875154904
30386,0,0.15900956612420716
30393,1,0.21962410790657858
30397,1,0.23228243832646145
30399,1,0.20373197582390717
30400,1,0.22812327983081737
30403,1,0.2264061268881992
30410,0,0.11858148642794428
30421,1,0.2412828072788974
30422,1,0.183876206921801
30440,0,0.04269150872296552
30447,0,0.04506241385487038
30449,0,0.09333625311970266
30452,1,0.09011522318594059
30455,0,0.08288463784643525
30459,1,0.08591117778191537
30460,0,0.07079155959145146
30480,0,0.07312772240721581
30482,0,0.13142979729137153
30485,0,0.11952902603841088
30492,0,0.05775445604916215
30507,0,0.07369176340864099
30528,0,0.08737207290752853
30532,0,0.09088306002903249
30540,0,0.04964631081505857
30551,0,0.09206210027929752
30554,0,0.10208171115495081
30556,0,0.10184443277104309
30560,0,0.09688014000883353
30563,0,0.24405072987796222
30569,0,0.05552746238025065
30572,1,0.09294293125485742
30573,1,0.10557823783657261
30579,0,0.04377873620518504
30582,0,0.09088306002903249
30586,1,0.09563485523507667
30589,1,0.11431564289860263
30596,0,0.0838679686405623
30600,0,0.04822901825831882
30614,1,0.047953970931763304
30621,1,0.05514329542674226
30623,0,0.09651545632765124
30627,1,0.09142902021868757
30630,0,0.0517783624939475
30632,0,0.04165978440855574
30634,0,0.08405535315727627
30640,0,0.07402929452813113
30644,1,0.2783223774704111
30648,0,0.10498464016690101
30652,0,0.06343564935153152
30655,0,0.07001757506998632
30658,0,0.11211065128769898
30659,0,0.06108313631511059
30661,0,0.10725892370667887
30662,0,0.05625740339317963
30664,0,0.04395153744220639
30667,0,0.07062033136673906
30671,0,0.09292295729287747
30675,0,0.09870884563722065
30682,0,0.09214656428003322
30694,0,0.07536300430234363
30696,0,0.0875513120119272
30697,0,0.0875513120119272
30699,0,0.09205988954435124
30700,0,0.09254662930496585
30704,0,0.08467721307584668
30707,0,0.05204913275579384
30711,0,0.07811393932231495
30712,0,0.11813597381938688
30718,0,0.10009446097347297
30722,0,0.08870166285976883
30725,0,0.08223518333168986
30731,0,0.09724208993859725
30735,0,0.06744704467923852
30741,0,0.09745487882051206
30756,0,0.08848744716483631
30770,0,0.07530137106304437
30772,0,0.11430346624201974
30778,0,0.0875513120119272
30780,0,0.09361463375147616
30781,0,0.09244934643537014
30782,0,0.10673200323163605
30783,0,0.23860262151249023
30785,0,0.07704990274790459
30791,0,0.10002903450331734
30792,0,0.04993458888609658
30795,0,0.1290266494610481
30796,0,0.06363862297578778
30807,0,0.11813597381938688
30810,0,0.1185144466087615
30811,0,0.1185144466087615
30815,0,0.1128713362084817
30817,0,0.0881728422426951
30826,0,0.09822805773928146
30830,0,0.10640205259838571
30837,0,0.10600848020607319
30842,0,0.09168453931700069
30858,0,0.11834194398214436
30864,0,0.15855969666234337
30865,0,0.11897704914793467
30870,0,0.06736597974700635
30880,0,0.08930194936109043
30882,0,0.09718170985205248
30883,0,0.06008782666223585
30884,0,0.09633835175766117
30898,0,0.32519835110132994
30902,0,0.06467568913313185
30903,0,0.07881237629326428
30906,0,0.05013165263947061
30908,0,0.07241844102692659
30909,0,0.07405463061720122
30913,0,0.06891970409240915
30915,0,0.2714643354815379
30919,0,0.0655451643880235
30921,0,0.11659507820004728
30922,0,0.10419843276428624
30929,0,0.08330135747845391
30944,0,0.10443910769980982
30951,0,0.11154442611935766
30967,0,0.10477891347228817
30969,0,0.09175710465336859
30978,0,0.06145152624292686
30987,0,0.06507995258924591
30993,1,0.10445017168851214
30995,0,0.07177606264177794
30997,0,0.11028246500689592
31023,0,0.11126072609325985
31028,0,0.11835211563914112
31038,0,0.11422653539782945
31042,0,0.09381894291078817
31044,0,0.08220422101822367
31045,0,0.07498603243536568
31048,0,0.1379615237145768
31051,0,0.0825131571327588
31052,0,0.08787193346224756
31053,1,0.07841501546401006
31054,0,0.12391628170328861
31066,0,0.0841053858002236
31068,0,0.08269416175639652
31070,0,0.07314581769174779
31072,1,0.3538779037986038
31074,0,0.07062445805477713
31076,0,0.09619775886962649
31078,0,0.1150011630698173
31079,0,0.2927368302598995
31082,0,0.09590014873806098
31084,0,0.13188621923317717
31085,0,0.10823773286928137
31086,0,0.12376043144348925
31092,0,0.134014288489516
31094,0,0.12078756066273914
31113,0,0.09021218658102931
31117,0,0.10261981901389479
31120,0,0.07654748387186233
31122,0,0.0727377543849826
31124,0,0.12884328557703098
31128,0,0.1147341219838167
31131,0,0.10179447611572591
31136,0,0.10980998909914139
31137,0,0.10757456793032871
31139,1,0.1070434100135983
31146,0,0.049096454631469964
31152,0,0.08119234017187504
31160,0,0.10358942163548093
31164,0,0.08661156900053797
31165,1,0.10188763901414884
31166,0,0.10837816192199093
31168,0,0.063526335529415
31179,0,0.10019709904455099
31191,0,0.10217253890783892
31194,0,0.10015038324464233
31199,0,0.10249194929423651
31220,0,0.11671587351608634
31224,0,0.09047772433589527
31229,0,0.08325779755079186
31233,0,0.12253879470564608
31234,0,0.12571922030524943
31240,0,0.3536093762533977
31243,0,0.10353229475443368
31244,0,0.09626023332253167
31249,0,0.12417320818726282
31256,0,0.13158981596042502
31262,0,0.0651025241405835
31264,0,0.06428969785539701
31270,0,0.07563912537203457
31272,0,0.12663281701257703
31274,0,0.07300477100324654
31283,0,0.12212378805287134
31285,0,0.10083815091494791
31292,1,0.07055645407639646
31294,0,0.07775149921168076
31297,0,0.07462491182018256
31298,0,0.12274920979461866
31300,0,0.10219107659996146
31306,0,0.06535532946527546
31307,1,0.07409490760070106
31308,0,0.11440875178968342
31309,0,0.0792467616493202
31312,0,0.10754428404935096
31313,0,0.1379615237145768
31317,0,0.1499875302986215
31320,0,0.060746265430322015
31322,1,0.08428763324347495
31324,0,0.11802679903370195
31329,0,0.10683052330832958
31330,0,0.08054433479235572
31337,0,0.10097921120279514
31338,0,0.08114134729969957
31344,0,0.08165750128839257
31346,0,0.11638478560566261
31350,0,0.07860014791499635
31354,0,0.10771989636559458
31355,0,0.03797235436686713
31361,0,0.06963653574187402
31383,0,0.07708519894113193
31385,0,0.05052523832846533
31387,0,0.09594509337467533
31389,0,0.06513407498178432
31390,0,0.12170370430190364
31413,0,0.06845326345467631
31417,0,0.10434969879940337
31426,0,0.08237162486673942
31427,0,0.06627429312460405
31440,0,0.06725595520914056
31441,0,0.088312160446293
31442,0,0.10880755207227323
31444,0,0.08119234017187504
31446,0,0.10063972477544395
31448,0,0.08660598247492154
31453,0,0.11986422054249704
31466,0,0.09192189808709363
31468,0,0.1319455677899792
31485,0,0.11595717934884686
31489,0,0.03313720135701984
31493,0,0.06812351798374057
31505,0,0.07094454332548505
31512,0,0.04951967795297402
31513,0,0.052103218603710415
31514,0,0.11727325956057409
31521,1,0.13376016213286246
31526,0,0.03907340046210642
31533,0,0.04671606043230115
31538,0,0.11327683014037634
31541,0,0.07468874562143323
31545,0,0.11771009754517617
31557,0,0.0564448485930947
31561,0,0.13200816347744943
31568,0,0.06824785321552286
31569,0,0.07338760844722643
31571,0,0.11467006919090339
31575,0,0.0996619379239165
31576,0,0.029977069033654213
31589,0,0.1020572601195098
31595,0,0.07307105250726924
31616,0,0.1052674993672066
31638,0,0.03820229896671061
31643,0,0.07981220309184717
31648,1,0.11373336680870347
31649,0,0.0765712328429378
31652,1,0.10712794546951562
31655,0,0.05473230254223715
31659,0,0.04769779543895332
31674,0,0.09673619967288581
31677,0,0.07535946651029875
31699,0,0.07099579790871563
31703,0,0.08754309776182523
31714,0,0.11197700075427522
31721,0,0.07071568768473067
31722,0,0.04525353765732849
31730,0,0.07433235879119213
31736,0,0.12064722454215288
31742,0,0.08490781791083088
31744,0,0.1105778345731249
31752,0,0.09717426872301868
31755,0,0.04527593488116019
31757,0,0.10682440864709264
31759,0,0.08758450519859144
31768,0,0.11334920402619608
31773,0,0.09337987597046334
31781,0,0.09127457908042823
31784,0,0.11184275072172413
31785,0,0.11007259047803238
31793,0,0.11007259047803238
31795,0,0.0756956711488801
31800,0,0.10109501062481685
31804,0,0.11189424231267242
31805,0,0.0790445234604311
31806,1,0.07699748695463703
31816,1,0.10497497846034069
31819,0,0.09213796242922458
31821,0,0.10414094039115915
31829,1,0.10452838995150834
31830,0,0.056393643482475116
31832,0,0.0923115173361539
31833,0,0.06611300584130324
31835,0,0.10030833117424172
31845,0,0.10614051979802334
31847,0,0.10002157416202197
31848,0,0.12059225193569559
31852,0,0.09183494672915601
31854,0,0.11853053264473785
31861,0,0.07230938255968149
31867,1,0.0721522786859679
31870,1,0.34646672301475756
31872,0,0.059089486964639046
31888,0,0.07552564752246953
31893,0,0.04763472875845979
31899,0,0.08110902641054407
31900,0,0.06905522146754478
31907,0,0.11028744332092302
31910,0,0.11967405489754386
31916,0,0.09244071919794786
31920,0,0.058792842652320446
31921,0,0.07078383344814196
31922,0,0.3029670495540953
31929,0,0.11411486322308535
31937,0,0.11037756447957155
31940,0,0.10472259179792678
31942,0,0.06244440375584218
31946,0,0.1082931262154734
31950,0,0.07498923002087846
31968,0,0.09505996156543324
31971,0,0.06960180079382433
31973,0,0.10409259853460864
31978,0,0.07795280250752798
31979,0,0.09857206383286593
31991,0,0.07143370871444689
31993,0,0.11342890895558182
31994,0,0.11765628417118301
32005,0,0.11807128376379314
32007,0,0.11220343459405484
32012,0,0.09836008776016432
32015,0,0.09384006885105131
32016,0,0.06537323099066204
32020,0,0.07474997025254544
32021,0,0.0848273158672692
32027,0,0.09989469704723801
32028,0,0.11197700075427522
32031,1,0.1021047644669934
32032,1,0.11771009754517617
32033,0,0.049926131418713826
32039,0,0.126725177004602
32046,0,0.09673619967288581
32053,0,0.09213796242922458
32060,0,0.1091945990304061
32064,0,0.10020116278320626
32067,0,0.023514297757071072
32068,0,0.041028803893579116
32070,0,0.080502676525123
32076,0,0.08979517503839841
32078,0,0.05464451355119374
32080,0,0.06446295287304593
32083,0,0.06822847221747749
32107,0,0.1004348661406497
32118,0,0.06486656708389142
32120,0,0.052468190738770695
32121,0,0.05690335042740878
32133,0,0.0533498314955305
32140,0,0.10039294325065463
32147,0,0.08910591567953638
32150,0,0.05615068774691014
32156,0,0.07022065159894779
32159,0,0.10790108511682132
32165,0,0.05557666231171613
32166,0,0.05320524613195882
32169,0,0.0638569057241804
32171,0,0.08415848706625322
32172,0,0.08285329656176632
32176,0,0.07242990307326073
32179,0,0.09056077754984394
32186,0,0.0434846008631128
32189,0,0.052296907630807195
32192,0,0.1014994960170424
32194,0,0.11689735872999546
32195,0,0.05228370839165785
32198,0,0.06980306769532726
32202,0,0.09969302180331051
32205,0,0.06946543112730645
32211,0,0.07395228390905356
32213,0,0.08149437126869749
32217,0,0.08289268726500075
32221,0,0.11972044015887992
32271,0,0.04688853638083483
32274,0,0.09143099579295326
32280,0,0.11741696608077698
32286,0,0.09307637738307044
32288,1,0.08038506439924767
32292,0,0.08621346819938015
32299,0,0.09108715538607255
32315,0,0.08658067650370618
32317,1,0.3341927305770589
32324,0,0.06618545604302159
32327,0,0.09465621836818414
32332,0,0.0734984918978748
32337,0,0.09377167492070715
32339,0,0.05184795474656354
32352,0,0.05595807378925756
32372,0,0.10785120794614368
32378,0,0.048191441896462454
32379,0,0.09147405782973614
32381,0,0.09311897033613675
32387,0,0.09067225768268664
32388,0,0.1107823673880529
32389,0,0.07270734649357474
32404,0,0.07740772620258944
32415,0,0.10582917777711182
32416,0,0.09003592185422431
32423,0,0.09390388242311251
32429,0,0.025646300021071
32430,0,0.09784166439822801
32434,0,0.02822474379473311
32445,0,0.06996380578731956
32448,0,0.06448849516537854
32461,0,0.11447641241039741
32462,0,0.06970218157248549
32466,0,0.1200610488998075
32478,0,0.06940832340728542
32503,0,0.0703296303467283
32504,0,0.08057683183976634
32508,0,0.09430150789143373
32509,0,0.027667460184548628
32522,0,0.07361251287834146
32523,0,0.11267004974987628
32525,0,0.09996802805888305
32526,0,0.042553922784045455
32527,0,0.06411318119435151
32531,0,0.07504287011590337
32540,0,0.06989038732917195
32550,0,0.09210032004966603
32559,0,0.056469422596062704
32562,0,0.08921837833935745
32576,0,0.08322842059898188
32578,0,0.09245731690577531
32581,0,0.058359164373041235
32587,0,0.06407746455314081
32599,0,0.08458938155582668
32603,0,0.09658856331614651
32605,0,0.05186446605319288
32607,0,0.04996060061767398
32612,0,0.09023832751851797
32615,0,0.10269336953238821
32617,0,0.059555475217501666
32624,0,0.0868963993180641
32640,0,0.2560732167431061
32643,0,0.06304680175295116
32645,1,0.08450915354350585
32646,0,0.05937021065095977
32647,0,0.04294640148149544
32657,0,0.08598917358785041
32659,0,0.08930264091640508
32667,0,0.07248510024197247
32669,0,0.21329751888589138
32671,0,0.0839828526077831
32673,0,0.08685011610570675
32682,0,0.07389945560954078
32687,0,0.06236886896086022
32690,0,0.30791356811830556
32694,0,0.06756004816683078
32698,0,0.0882420257645338
32701,0,0.04736358918486756
32707,0,0.07451863361862748
32709,0,0.08066814463139474
32721,0,0.03716065775982967
32730,1,0.06963073632349318
32742,0,0.0792965302538894
32745,0,0.0792965302538894
32750,0,0.04740615852394401
32754,0,0.1944745145770091
32756,0,0.04634555606081896
32767,0,0.05735584571282085
32769,0,0.08282602237167462
32773,0,0.07371201420982372
32789,0,0.09407284743791627
32790,1,0.07336102557057632
32799,0,0.07804035539977391
32801,0,0.058600864671367596
32813,0,0.0695300806531608
32816,0,0.07445499605093821
32826,0,0.07389945560954078
32828,0,0.07611192735882863
32830,1,0.07446897081582766
32835,0,0.08315874453706662
32836,0,0.05530100743002073
32841,0,0.08602991532487285
32846,0,0.05686264144785506
32869,0,0.07831341111573077
32872,1,0.04449642360275668
32884,0,0.05771052636154923
32891,0,0.23575163777133865
32895,0,0.01927657648995404
32898,0,0.06263677280169506
32900,0,0.03964121845994345
32902,0,0.062151129887456684
32911,0,0.08919819098116737
32916,0,0.08841033760673339
32918,0,0.07553042897953774
32926,0,0.05938991504325982
32932,0,0.06113766716028722
32935,0,0.08898255650691299
32941,0,0.08314034898215056
32947,0,0.08990955019011826
32957,0,0.06963073632349318
32959,0,0.08843789894377098
32973,0,0.06916216070087054
32974,0,0.08430368532993407
32975,0,0.047952813442883255
32981,0,0.04228842832569485
33002,0,0.06700713533952525
33007,0,0.08354532224964724
33008,0,0.027868476461517227
33009,0,0.04658507412989749
33012,0,0.07032627449933156
33017,0,0.07545916911929262
33027,0,0.08456007307970599
33031,0,0.04441601728771296
33033,0,0.09657823086796756
33034,0,0.09048657549186294
33046,1,0.07688078603853123
33052,0,0.029633871032068864
33054,0,0.08947540167374196
33057,0,0.07284164211838416
33058,0,0.08796290047452436
33061,0,0.09779918465801532
33075,0,0.12524753071395625
33082,0,0.056028911865170304
33084,0,0.08705121618031549
33085,0,0.046940882003902284
33086,0,0.03117572158310725
33089,0,0.07490681166957083
33092,0,0.0680823922464955
33105,0,0.10072936902273463
33106,0,0.08850004711653378
33112,0,0.05577787149400725
33115,0,0.07121459132649403
33117,0,0.06863215284563387
33126,0,0.06814818650503952
33131,0,0.054989419204102184
33134,0,0.08495243429051114
33137,0,0.0721293275441887
33144,0,0.09591867075910776
33145,0,0.11085847945515455
33150,0,0.05651388842386678
33152,1,0.12563253220213974
33164,0,0.09834898251231969
33176,0,0.05651388842386678
33185,0,0.04573805174689306
33196,0,0.08799980550302294
33198,0,0.04660803639674083
33199,0,0.10858799402756501
33210,0,0.12547483255480643
33211,0,0.124628626199128
33217,1,0.09024296259976843
33227,0,0.07422211794968471
33229,1,0.11040965585678658
33233,0,0.10129137111494614
33234,0,0.07287919551401192
33247,0,0.0984533193687545
33250,0,0.3097890302771138
33253,0,0.09591188833376152
33254,0,0.06734200424081666
33255,0,0.09114048668802427
33260,0,0.11456065364328709
33261,0,0.08843725974316002
33278,0,0.07329087342337931
33279,0,0.05108866598518704
33288,0,0.05610321534822153
33289,0,0.10579086516199891
33290,0,0.050914615897748365
33293,0,0.10335061992677341
33303,0,0.0697639065346142
33307,0,0.09775990708864675
33310,0,0.04333891705948411
33315,0,0.06738735539432435
33316,0,0.041178098470105125
33319,0,0.08802034547611326
33320,1,0.060243619157583674
33338,0,0.10209707429390515
33339,0,0.04764643585411555
33346,0,0.08862329395457882
33350,0,0.11687757701807722
33359,1,0.09619828766562959
33363,0,0.07367742639921071
33368,0,0.1184175613072089
33385,0,0.05421041899427186
33395,0,0.0697639065346142
33401,0,0.10502570747864792
33402,0,0.0838326035719839
33403,0,0.0901022644977984
33407,0,0.07796812573153838
33412,0,0.0926207327782764
33418,0,0.08835373448800678
33419,0,0.058875450120496005
33425,1,0.1041568372010082
33427,0,0.11030986836789894
33430,0,0.04764643585411555
33431,0,0.3314425515728344
33433,1,0.10477606601092494
33437,0,0.09429937460093712
33438,1,0.11217015964124279
33439,0,0.07648864813849085
33440,0,0.09096265520943607
33444,0,0.09055165723580208
33457,0,0.1119578968352619
33458,0,0.10538036762250498
33460,0,0.06794671417009272
33464,0,0.058531795166550486
33471,0,0.047686021902013584
33477,1,0.09547018116574692
33479,1,0.0737836099067324
33481,1,0.11820131599059781
33485,0,0.07615634334888063
33486,0,0.10955980028511562
33496,0,0.0982239955150344
33504,0,0.05683162958843665
33508,0,0.07786492852756507
33513,0,0.06281285155869375
33514,0,0.08507337492760059
33515,1,0.13550382496640126
33517,0,0.0987762431822156
33521,0,0.09799751675529596
33522,0,0.11606478905135552
33524,0,0.10105846672957808
33526,0,0.10049416097804074
33527,0,0.11091972042560583
33536,0,0.08793717599359771
33537,0,0.08696887509214549
33544,0,0.11217015964124279
33548,1,0.16827989260719953
33561,0,0.03058279215053803
33563,0,0.03843556311516142
33567,0,0.08508902609650072
33573,0,0.11483342170091759
33578,0,0.10333644683648052
33580,0,0.0421972284646173
33585,0,0.07995561071768942
33586,0,0.06728926873506814
33588,0,0.09454342113657119
33600,0,0.03144908826022687
33608,0,0.13798895231148126
33616,0,0.09809747085604623
33626,0,0.1246198156370424
33630,0,0.11807582062982035
33632,0,0.10271108454171737
33643,0,0.10218893452772619
33654,0,0.030687086263631907
33669,0,0.09403158713069984
33687,0,0.06127585318154061
33689,0,0.06582898161652535
33700,0,0.10239056462320502
33701,0,0.0372517161737387
33705,0,0.07964093807289666
33716,0,0.08141330203761094
33727,0,0.06447164478675528
33738,0,0.08182482867249351
33746,1,0.11060167470271652
33747,1,0.10898592884123176
33754,0,0.06617727569310085
33756,0,0.0780270552269441
33757,0,0.21947913647751277
33765,1,0.11176609813504079
33776,0,0.07832354811732974
33789,1,0.32005232771712044
33803,0,0.07263517692883659
33811,0,0.06953258137669795
33817,0,0.11445745494366848
33820,0,0.07835797725455422
33821,0,0.06475638427962233
33825,0,0.11270316999081294
33832,0,0.03435288217571841
33862,0,0.07026476909993254
33871,0,0.11440542343697614
33873,0,0.13911014842727185
33875,0,0.09686161148098779
33877,0,0.09069374415157805
33884,1,0.1151476349242635
33887,0,0.12161443191891333
33890,0,0.12017484954776536
33899,0,0.1308848817752206
33900,0,0.079202010139194
33910,0,0.10177767289230208
33912,0,0.10555428706983094
33922,0,0.13750259880920504
33927,0,0.09454634302293383
33928,0,0.07508586286137969
33947,0,0.10812369129317238
33949,0,0.09403158713069984
33952,0,0.11576794894524338
33953,0,0.08308269479130133
33955,0,0.12999981816624528
33964,0,0.08580619450547129
33977,0,0.05185487992741868
33988,0,0.36517052132120625
33996,0,0.12141491217241401
33998,0,0.05505534331633906
33999,0,0.07368839144131147
34008,0,0.08160730477372359
34021,0,0.10853598072196978
34023,0,0.09456273542768781
34027,0,0.13062629461789416
34031,0,0.06716477983063515
34034,1,0.06222172716803546
34041,0,0.10835784473909307
34044,0,0.09545990075861295
34053,0,0.1838552345746348
34062,0,0.08187510299746499
34063,0,0.07810418526558355
34064,0,0.09957643722939111
34067,0,0.11334607611788951
34070,1,0.1095874027364869
34074,0,0.1214662509360664
34075,0,0.12394609805815214
34078,0,0.06169397758435553
34081,0,0.11576460539344287
34082,0,0.13033229780841246
34084,0,0.07545483643877543
34088,1,0.35340434316584296
34091,0,0.06731257522562231
34098,0,0.10771951465638822
34099,0,0.1079901019331748
34101,0,0.07903719852031542
34106,0,0.1073626034048542
34109,0,0.08165430477105153
34111,0,0.11423230949085526
34124,0,0.0859552985222918
34136,1,0.06893708903472909
34137,0,0.06997007051160443
34142,0,0.07013148985812757
34145,0,0.0820662617768233
34148,0,0.12166980602305272
34152,0,0.10079157614704652
34153,0,0.11586021018710874
34154,0,0.05278496840228615
34155,0,0.10177767289230208
34157,0,0.08699368613796465
34159,0,0.1060752926285866
34168,0,0.03898791120055961
34174,0,0.12874097156639938
34179,0,0.08070501594981695
34187,0,0.08814426484934514
34188,0,0.1475209613815892
34190,0,0.07908869474115864
34193,0,0.06946148747032768
34195,0,0.11535902448775458
34196,1,0.11413958728906821
34200,0,0.08644492717559926
34213,1,0.0836431123937499
34214,0,0.10215265001378224
34225,0,0.08038744280846294
34241,0,0.11819512469822444
34242,0,0.1176275308494979
34248,0,0.09389670316370566
34250,0,0.0533569094401624
34279,0,0.09259870118779492
34282,0,0.08691439666673167
34285,0,0.10548249390297623
34290,0,0.055998367133484855
34295,0,0.09279010353456878
34298,0,0.09938737401654825
34299,0,0.11657188669828461
34301,1,0.0865535292858759
34304,0,0.060898710676875537
34306,0,0.09147957108539849
34307,0,0.1169995447064203
34309,0,0.10228182059508091
34319,0,0.07173217319025346
34321,0,0.06295230184867691
34327,0,0.07197411525048172
34331,0,0.09861979356393333
34336,0,0.05696414787127905
34354,0,0.09156575455066333
34357,0,0.0676567727410997
34361,0,0.059531449321333904
34364,1,0.09042385810772391
34370,0,0.10961613027907845
34371,0,0.09235625803699754
34381,0,0.0505102333967963
34385,0,0.11193830529347565
34386,0,0.09864742014561566
34393,0,0.07669938477875127
34394,0,0.03698917343945118
34395,0,0.07923432497038205
34396,0,0.10390041412349864
34399,1,0.09568905070775624
34405,1,0.06466932181582505
34412,0,0.10383980062549301
34417,0,0.3002692601802454
34430,1,0.1142513741188923
34433,1,0.055218483305760735
34436,0,0.09451277277738024
34437,0,0.12740828736733018
34438,0,0.10621341960228502
34440,0,0.0339038042182228
34452,0,0.09079272590612174
34454,1,0.07002958826347233
34464,0,0.10919718363198445
34467,0,0.09139346057681395
34468,0,0.12076487858088375
34476,0,0.0908919998745447
34478,0,0.07800963591622628
34486,0,0.11147077056360843
34489,0,0.11789675403932587
34491,0,0.09528619014729363
34496,0,0.11090737348652574
34506,1,0.10179459149738637
34510,0,0.09849450000130414
34513,0,0.08703786473217846
34519,0,0.0640793543848841
34525,0,0.08712890300627432
34526,0,0.03869334541681839
34529,1,0.29065585352929696
34536,0,0.09122145824408172
34539,0,0.11487041756505065
34541,0,0.10369520522270749
34544,0,0.10434656115237534
34545,0,0.10961613027907845
34549,0,0.1197573554727284
34552,0,0.07278246868514081
34556,0,0.058820767330862785
34563,0,0.0481921429359164
34569,0,0.06141364804400307
34576,0,0.11820818265772648
34581,0,0.059833681366938604
34593,1,0.11109180961225985
34595,0,0.0712106624107682
34596,1,0.1201460931763006
34600,0,0.11470118767739289
34603,0,0.07097340794533546
34604,0,0.06292173672309784
34605,0,0.09257219591843294
34609,0,0.1126842861033495
34611,1,0.07370874945948279
34637,0,0.08963399402484634
34638,0,0.09292410581710842
34640,0,0.11751999084923884
34645,0,0.06872121766835751
34648,1,0.3126088890032731
34650,0,0.11942994426774713
34652,1,0.11222766259259684
34658,0,0.04837115411539746
34667,1,0.11655087992458857
34671,0,0.09041186387234398
34676,0,0.11981199933976718
34683,0,0.04491359472988822
34687,0,0.11196974180287417
34688,0,0.11313583072440195
34691,0,0.0877459434556613
34706,0,0.06292173672309784
34715,0,0.09105040722316976
34723,0,0.06284870371361721
34726,0,0.05034919656313316
34728,0,0.127508037107421
34730,1,0.2639470478434008
34735,1,0.11191821984683603
34745,0,0.026145594369288285
34749,0,0.07934783104401975
34752,0,0.07860520516741515
34759,0,0.14422681870373996
34763,0,0.04260119082338099
34779,0,0.07684292976405784
34781,0,0.06359433654058161
34805,0,0.035736048038404654
34809,0,0.05758738226906355
34811,0,0.09738501927050666
34826,0,0.05723219234156946
34827,1,0.14441934362814954
34830,0,0.08748588689672064
34831,0,0.0977277563134393
34832,0,0.06883277046946631
34843,0,0.0944468866214893
34845,0,0.11315397167637437
34848,0,0.09020479220457304
34850,0,0.08633649822503217
34852,0,0.1191352602374437
34854,0,0.11148561507561913
34858,0,0.045665347570697935
34867,0,0.032486591933760245
34873,0,0.11012217462370114
34887,1,0.10589129470581553
34890,0,0.07758529010160818
34898,0,0.10588008374059228
34909,0,0.08789906936416507
34910,0,0.05346871359543002
34913,0,0.06866871955599098
34915,1,0.06046394096405896
34917,0,0.10584497983868037
34919,0,0.060446516899666236
34920,0,0.05980609637128235
34922,0,0.10490266781288692
34923,0,0.05646093948268916
34932,0,0.10699834985845287
34938,0,0.055604820265638386
34943,0,0.058042283212153316
34949,0,0.025594166878663442
34950,0,0.09168735217650933
34951,0,0.044679140158421664
34958,0,0.059951970932990976
34961,0,0.10521590529169797
34968,1,0.0928797368026573
34972,0,0.08191437412752296
34982,0,0.09696284431074667
34985,0,0.029529170130308997
34987,0,0.06788545249804362
34995,0,0.09337758324683845
34998,0,0.09337758324683845
35003,0,0.09347822695121734
35008,1,0.08180749359109228
35009,0,0.0982591515139242
35013,1,0.08858431203136387
35028,0,0.09850870760100737
35032,0,0.10629441815577752
35036,1,0.11098786140354994
35042,0,0.04472411242319655
35047,0,0.07249073933954103
35050,0,0.09225255520900143
35053,0,0.08156427569017945
35061,0,0.1057402430803013
35062,0,0.11569530167718534
35070,0,0.08793653410797224
35072,1,0.06618657308695353
35079,0,0.049587696322925486
35088,0,0.061825343383441735
35095,0,0.0865366316670077
35102,0,0.05561052391950818
35103,0,0.05313560597622674
35106,1,0.07513446921447209
35108,0,0.07369264773226862
35111,0,0.11037636854125735
35120,0,0.13168262417648605
35134,0,0.051665184147655065
35137,0,0.06563742637439351
35142,0,0.10202826991066946
35151,0,0.11203892278166541
35161,0,0.059712895172579196
35181,1,0.10455338050724736
35183,1,0.07993406394237823
35202,0,0.05955985781341419
35203,0,0.11690240527186209
35206,0,0.13211839165557418
35211,0,0.0910886517121309
35212,0,0.08368176315182874
35216,0,0.09507351662794875
35219,0,0.0986182677359631
35222,0,0.059424125561399664
35227,0,0.058696868819691564
35232,0,0.06915399265440203
35234,1,0.08904566771182156
35238,0,0.08868761662047443
35242,0,0.0771723749654152
35247,1,0.05935798318225734
35252,0,0.05633051392282256
35258,0,0.10515287716922626
35261,0,0.1126991167070361
35267,0,0.0825895912344019
35268,0,0.10061109183392478
35270,0,0.0949522538989424
35273,0,0.07624624083719402
35274,0,0.10225903627298646
35279,0,0.1004660285571122
35281,0,0.07249073933954103
35292,0,0.06312069645043387
35296,0,0.07196455251180477
35300,0,0.09004028237470779
35302,0,0.024521094019669246
35313,0,0.0612135880769146
35315,0,0.08773300846346574
35319,0,0.06798056781276719
35320,0,0.11891788110235486
35324,0,0.06714503071075688
35333,0,0.10490929422471942
35340,0,0.07853213782384502
35349,0,0.08756723116915711
35357,0,0.10166010490017287
35364,0,0.1036441225281615
35370,0,0.09229340531650079
35372,0,0.10946367001425845
35374,0,0.10696711730172842
35391,0,0.10809220597528742
35392,0,0.07713272982559308
35395,1,0.050887149890205825
35407,0,0.06183848124914094
35417,0,0.08732976573710988
35420,0,0.046828807612713866
35430,0,0.048581763735755984
35431,0,0.10061386492995164
35433,1,0.04676720298884601
35436,0,0.06828605495647247
35441,0,0.07088399525341742
35444,0,0.0887162472744694
35446,0,0.08716444840169688
35456,0,0.15355988116064279
35461,0,0.04031315360713688
35468,0,0.059352644682440524
35469,0,0.05185480058371564
35471,0,0.09675023757554177
35473,0,0.0954169430303442
35474,0,0.05478589757604841
35477,0,0.03633832911265106
35481,0,0.07638467903969126
35488,0,0.06850427637947201
35489,0,0.050908778235861464
35501,0,0.05092011419754012
35502,0,0.10019256761130735
35504,0,0.056674413303134476
35512,0,0.07735524615725024
35513,0,0.04621531845158894
35515,0,0.03415670542794411
35520,0,0.08378825784486052
35525,0,0.09536200363507871
35526,0,0.05185480058371564
35527,0,0.07372057431778062
35528,0,0.08431325484847921
35530,0,0.07834346121427688
35543,0,0.08299220741474657
35546,0,0.08930459231011713
35552,1,0.08858664500610698
35553,0,0.08976202283211134
35555,0,0.0736851920208834
35565,0,0.06856237631145332
35583,0,0.08722091893185528
35587,0,0.07624362489787641
35593,0,0.09024633217045173
35599,0,0.07329824085056771
35601,0,0.0897293587208734
35605,0,0.10171626638201578
35616,0,0.05033986996154118
35618,0,0.0856885457974423
35624,0,0.08247083779354451
35625,0,0.09215574943339949
35635,0,0.07856828580655047
35636,0,0.07846624948072561
35650,0,0.08862849809189077
35652,1,0.08416804099389878
35660,0,0.09514888424039544
35662,0,0.0677487018282348
35664,1,0.053102362610929536
35672,0,0.057727921350648935
35673,0,0.04885735864343614
35674,0,0.08900037957255014
35680,0,0.05633654093596189
35684,1,0.0612324084484794
35692,0,0.07631645268764517
35696,0,0.08441186357319991
35701,0,0.06251452919261247
35703,0,0.0897293587208734
35706,0,0.06230225090312042
35707,0,0.07886896996387417
35710,0,0.06872804729460874
35716,0,0.07989177291130488
35734,0,0.2234059843921392
35735,0,0.04303412460042579
35736,0,0.08910175024419738
35738,0,0.07983326908286503
35747,0,0.053918552755957035
35750,0,0.07675111844648679
35755,0,0.046128699630752314
35761,0,0.08299220741474657
35766,0,0.03940698241749027
35774,0,0.08783068134328045
35779,0,0.08063821521561203
35783,0,0.09950514796528623
35784,0,0.10178721713701995
35788,0,0.082231003744531
35793,1,0.08299220741474657
35794,0,0.05633654093596189
35799,0,0.09559602399689386
35811,0,0.04145703376702955
35813,1,0.2612356783780021
35814,0,0.04547525452764115
35815,0,0.08534618327642327
35819,1,0.057033535044997044
35822,0,0.28473144536745537
35839,0,0.09961469712339334
35849,0,0.10020914970195272
35850,0,0.12042808212184028
35851,0,0.34760153129287336
35854,0,0.13027349819175238
35861,0,0.09308132912613598
35862,0,0.11368975398721504
35871,1,0.08324045921399124
35874,1,0.10541806549968329
35880,1,0.31449422000135435
35882,1,0.1275594877921469
35883,1,0.3288327193702859
35894,0,0.05489284382482223
35901,0,0.08525469735161705
35902,0,0.0310547780056626
35903,0,0.08982636531704574
35904,0,0.057911974691447994
35906,0,0.09601312287606659
35918,0,0.0779698897359938
35919,0,0.08202941609742183
35931,1,0.08358744902180427
35933,1,0.06470973916368675
35935,0,0.09511723161344855
35941,1,0.23797982550988495
35947,0,0.0830614617480466
35948,1,0.27968766381561727
35951,0,0.07681231568688178
35965,0,0.09003845079539725
35967,0,0.08978400228882538
35972,1,0.08854857284962478
35976,0,0.16032331510817738
35982,0,0.10099259024730996
35987,0,0.1119211769174532
35989,0,0.11292313238178919
35990,0,0.09134361836905124
35996,0,0.06879440738075407
36001,0,0.154790427190505
36003,0,0.11202424393569661
36006,1,0.11202424393569661
36010,1,0.08650404051678183
36015,0,0.12591780313682693
36017,0,0.14403511786113482
36018,0,0.09040625937168278
36028,0,0.36047438239902224
36031,0,0.3256442926029602
36039,0,0.11292313238178919
36052,1,0.0562166954124445
36058,0,0.11140421449746507
36060,0,0.07191748054732167
36067,0,0.09886591115363835
36073,0,0.08625863342545918
36078,0,0.09683978068550972
36096,0,0.11585901631128354
36097,0,0.12138520849956734
36099,0,0.1181281072925133
36109,1,0.08617697126826725
36113,0,0.14542444023945544
36115,0,0.13671325418460856
36117,0,0.13285592698206303
36135,0,0.1301555957840525
36139,0,0.29223648774680594
36145,0,0.08004292804757641
36165,0,0.13671325418460856
36183,0,0.13667331706147268
36184,0,0.35744744971730835
36192,0,0.11677630492162003
36198,0,0.31581619054638393
36203,0,0.1249129752320226
36218,0,0.09095446173744404
36220,0,0.09360864180225954
36222,0,0.05229423925462751
36223,0,0.12605119882780047
36226,0,0.29506513961710606
36235,1,0.31151841747439124
36240,1,0.29723601459026316
36261,0,0.3099156621496731
36263,0,0.2385440875320676
36265,1,0.3405968469107503
36266,0,0.5777275195417971
36269,1,0.26406453853934925
36276,0,0.3199436625371427
36281,0,0.24276813063208255
36282,0,0.6145740334470287
36283,0,0.21313123679520435
36293,0,0.13151885952585404
36300,1,0.2861429762938108
36304,0,0.3465018179791216
36310,0,0.28745753343939723
36318,0,0.2495445606701909
36319,0,0.3841881732930433
36324,0,0.38330223847607536
36326,0,0.4049548707017269
36334,1,0.36491941565764496
36339,0,0.22838467793249065
36349,0,0.36697042953600806
36350,1,0.36697042953600806
36352,1,0.3713904527316661
36353,1,0.3799996117051748
36360,1,0.3373550206821642
36375,1,0.24030679700513408
36377,0,0.38582945680396524
36380,0,0.4713025880375607
36392,0,0.23104504428482026
36402,0,0.40345714948251515
36404,1,0.249089802000321
36405,0,0.380338080057934
36407,1,0.38031932883820374
36417,0,0.4015005879425048
36421,1,0.23469383713123698
36423,1,0.4139798028551447
36437,0,0.3535799040210663
36439,1,0.3661280761471929
36442,0,0.34001987102733594
36443,0,0.364067637359122
36459,0,0.36267613237863033
36463,1,0.3963283570164213
36467,1,0.23358052878411809
36468,1,0.6662837294653714
36475,0,0.36421792311426043
36482,0,0.31287642450189534
36484,0,0.34046321368028964
36486,1,0.37126235634309845
36489,0,0.40388130373650877
36493,1,0.44793850526613754
36506,1,0.34116181091596354
36507,0,0.3403964196569275
36508,0,0.3403964196569275
36509,1,0.7227962728518399
36515,1,0.37559840394704924
36522,0,0.3199933658178807
36524,0,0.3875925659855256
36527,0,0.3013431236107335
36528,0,0.2571474891101975
36542,1,0.7055839419520676
36543,0,0.2375140405543748
36544,0,0.3879915218864133
36547,1,0.28674928185729626
36549,0,0.37050645619189304
36551,1,0.2450926069962606
36554,0,0.4214245003497931
36559,0,0.2122885066081128
36561,1,0.4080346189003312
36563,0,0.35725212866318495
36567,0,0.4085354452881165
36572,0,0.41272376147742984
36576,0,0.4392524797118313
36580,0,0.35924089177398505
36582,0,0.35241676044874853
36584,1,0.37180917299928057
36587,0,0.33507364533267764
36594,0,0.3653189217487333
36602,1,0.3976024295896838
36606,1,0.664755670242103
36607,1,0.26322531119515213
36608,1,0.3773793844334207
36614,1,0.3567027033619507
36615,1,0.7112589261537946
36618,1,0.380521065942348
36621,0,0.6824510474598597
36626,1,0.7079039029070482
36627,0,0.363979986594728
36637,1,0.29788980660202224
36640,0,0.26653101199696727
36641,1,0.2583604738770526
36644,0,0.3840986042301052
36656,1,0.6885466753948616
36661,1,0.38401722222082263
36662,1,0.37153756664340254
36668,0,0.2343295781998175
36677,1,0.41963531448232805
36679,0,0.3716585880513287
36685,0,0.13771782974497282
36688,0,0.4213551306619706
36691,0,0.4258626716368437
36692,0,0.19350222509942613
36695,0,0.3383759402223753
36696,0,0.38389463522614825
36698,0,0.22206969164818258
36701,0,0.24713161809404766
36702,1,0.38756514581168033
36703,0,0.6999854852831522
36705,1,0.3374565311950555
36707,1,0.19616705946213625
36721,1,0.3640203233506227
36723,1,0.38559545864287786
36727,0,0.3587897318045975
36746,0,0.26971245356185797
36751,0,0.7148054969341691
36756,0,0.4090207921288466
36757,0,0.27093114735396634
36760,1,0.6774728115816159
36764,0,0.4230167649390521
36770,1,0.6164774271642599
36777,1,0.25355776927975215
36780,0,0.32452207078036577
36795,0,0.30853469260353716
36805,1,0.28133418172193886
36816,1,0.35665546851087815
36817,0,0.31721306492959117
36837,0,0.3251917925017878
36838,1,0.3156390558300607
36840,0,0.3102107619365777
36841,0,0.34531026545079135
36844,0,0.37727059786455797
36848,0,0.3400085898381695
36850,1,0.34476435739890293
36851,0,0.19280786344785772
36855,0,0.3467799528541182
36859,0,0.36331783556193253
36860,0,0.2382354919479231
36867,1,0.36092357228386196
36870,1,0.4205405670718495
36874,0,0.30039303617680535
36875,0,0.303410028179362
36882,0,0.2460404722180792
36893,0,0.23688453733020118
36895,1,0.40570978596922486
36929,0,0.356170801208595
36934,1,0.3535118565124575
36938,1,0.358964322972003
36949,0,0.3475223774310677
36950,1,0.3475223774310677
36959,1,0.35061135853898623
36960,1,0.323690519324511
36975,1,0.354085439982463
36980,1,0.34254403368853165
36990,0,0.3762522526114926
36992,0,0.35507388881099533
36998,0,0.3724660017620944
37002,1,0.38059465108028967
37005,1,0.29716103991880977
37008,1,0.3244332651133131
37009,1,0.2822670533064039
37010,1,0.26873851103570556
37028,0,0.3139303110175091
37039,0,0.36336853273565795
37040,1,0.3335973541759657
37044,0,0.352385486790877
37049,0,0.6937152714006937
37056,1,0.39069365279269014
37057,0,0.236953129391442
37059,0,0.1967243706236528
37064,0,0.3762711640940237
37065,0,0.35331269496983314
37072,0,0.33773810736391807
37079,0,0.19663559013427614
37083,0,0.37167898014496165
37084,0,0.24866340224873576
37087,0,0.2370145198754608
37100,1,0.5391924916757003
37107,0,0.26145267745293904
37108,1,0.24773969735716142
37112,1,0.30864432069489156
37122,1,0.3745015442199668
37135,0,0.23530716489777528
37142,1,0.64499543743573
37149,0,0.34888179550203946
37150,0,0.2992429564291633
37153,0,0.43400681730217877
37154,1,0.6159909813558273
37156,1,0.2852256892256881
37159,0,0.17729969362747075
37163,1,0.6388264753278325
37165,1,0.3230461703309523
37170,0,0.30670517877756925
37176,0,0.29794830227880087
37177,0,0.27780116605023625
37190,0,0.3765069304547674
37194,0,0.2894146742579913
37195,0,0.3765069304547674
37205,1,0.31230856912676197
37209,1,0.272535446041398
37210,0,0.31643302823481795
37214,1,0.17571702852357043
37218,1,0.32848497550158867
37226,0,0.2197371182364673
37227,1,0.3452024260405314
37232,1,0.3001090808201622
37236,1,0.6126613547663349
37244,0,0.16412678909217576
37264,0,0.6108525518335798
37265,1,0.2990216288492667
37266,0,0.1496350688396466
37269,0,0.26757066640049665
37274,1,0.17720604329403675
37278,0,0.19768676091087864
37292,1,0.5833708598562565
37294,0,0.14971653203819638
37296,0,0.1758966207651633
37298,0,0.6015561997672827
37303,0,0.25765789074092804
37319,0,0.20512965780314735
37328,0,0.661314265953894
37338,1,0.3953634233209005
37344,0,0.20540398455361378
37355,1,0.7196558718094322
37358,0,0.6793321434894983
37365,0,0.2841696402649539
37369,0,0.2210331389283526
37376,0,0.4498908333115886
37377,0,0.17692278855760593
37380,0,0.4224724870303279
37382,0,0.3512666161626295
37384,0,0.1845498727700203
37409,1,0.6264027250036148
37413,0,0.34486215047054897
37429,0,0.36381895120835295
37435,0,0.30538668488551696
37436,0,0.30820309920807715
37441,0,0.36680991225017134
37443,0,0.3745076671400862
37454,0,0.3970066897081151
37456,0,0.325568758925237
37458,0,0.2337193229135322
37463,1,0.3446844534392931
37464,0,0.18056567178076985
37470,1,0.2827366499254234
37476,0,0.20873155509681074
37479,0,0.2680599140710279
37481,0,0.31168054860610883
37488,0,0.2415917130386155
37490,0,0.3147323724412942
37491,0,0.35748810439503825
37494,0,0.3245194601806184
37509,1,0.25995382721983845
37512,0,0.27659399160274445
37514,0,0.3455899954176744
37516,0,0.6678889386247591
37520,0,0.29157568131476475
37526,0,0.2068757448022334
37527,0,0.6860049339950137
37528,0,0.28821739436831445
37529,1,0.30934424319438486
37531,0,0.3573690728904411
37545,0,0.2597506734899005
37546,0,0.2748905247384234
37558,0,0.6245022024067647
37563,0,0.24638282479702775
37569,0,0.28262755447103166
37574,0,0.3435103028004551
37577,1,0.1894202558577582
37582,1,0.30965423802157044
37587,0,0.1648671020463096
37588,1,0.3047572031402353
37592,0,0.1618640657344016
37598,0,0.22830167082383895
37607,0,0.30198873440259466
37610,1,0.5994528995909028
37613,1,0.2732050137598727
37617,0,0.189957731930345
37628,0,0.20003656833472963
37629,0,0.27784314094021795
37632,0,0.19441347653303068
37633,1,0.5794220747054238
37637,1,0.2014517625250616
37639,1,0.40453291101111194
37643,1,0.5519218612302381
37644,0,0.3934370753630994
37650,1,0.2308141678330064
37664,1,0.306384251011242
37667,1,0.22888671104362135
37668,0,0.32717870474604593
37672,0,0.19822062907591406
37675,1,0.6896268859952023
37683,1,0.3458130159615271
37688,1,0.32667354807035087
37694,0,0.13101355166153894
37700,0,0.3340171875065676
37704,1,0.6359356205766276
37706,1,0.3920678181385642
37713,1,0.6477289295000166
37722,0,0.2432332146222004
37723,1,0.3731940651976253
37729,1,0.6605440437186887
37738,1,0.6710980805111275
37740,0,0.368013369308182
37741,0,0.21347184740866798
37751,1,0.3428922431210925
37758,1,0.6064107838949343
37759,0,0.2685628584352119
37762,1,0.3838258067176523
37765,0,0.2293971396780212
37768,0,0.26125359035034185
37769,1,0.5725749684455291
37775,0,0.3213380434175277
37778,0,0.25097857339188007
37785,0,0.29188188495127637
37786,0,0.5848109291946247
37787,0,0.36511448793634943
37789,1,0.6029502983087921
37790,0,0.3754852520506883
37792,0,0.4300648475435168
37795,0,0.21969628313053347
37796,0,0.22929974668453174
37800,1,0.2859885998704636
37804,0,0.3754852520506883
37812,0,0.6641558038220179
37816,1,0.311912092759681
37821,0,0.2963874001608898
37837,0,0.6509260468509034
37844,0,0.3102535421348935
37852,0,0.3416381864939236
37853,1,0.24319485083524772
37859,0,0.29831631843950634
37869,0,0.25654948678982803
37874,0,0.24624349648409283
37876,0,0.2782244433017869
37881,0,0.2515616822807506
37883,0,0.13796294535042794
37889,0,0.28052370499179274
37891,0,0.44912682847333224
37892,0,0.4360787196948296
37893,0,0.4156913296168974
37902,0,0.413688882442756
37907,0,0.5924753283288164
37918,0,0.7636618117521498
37924,0,0.3716468663447804
37925,1,0.7886966169292643
37930,0,0.41363844169154224
37945,0,0.24000131555445112
37952,1,0.42677638114640176
37955,1,0.4761550157124843
37959,0,0.2892432073565046
37960,1,0.39802047330804663
37975,0,0.3514034485054254
37987,1,0.6929245141056752
37995,1,0.4223284725428626
37996,1,0.7429495057158485
37997,1,0.480259906568596
37998,1,0.7406099410555085
38004,1,0.7333664576568223
38005,1,0.40499332788654563
38009,0,0.32777624233966346
38010,0,0.4362934561165412
38025,1,0.487268446686272
38026,1,0.30190220742147583
38032,0,0.5460923319413006
38034,1,0.7304899484503481
38042,1,0.48644158480070987
38044,0,0.2821049652533479
38048,0,0.3764315384894266
38049,0,0.32261581458890787
38065,0,0.445861835389943
38066,0,0.36607419687556475
38069,1,0.3169629546289307
38073,0,0.37201282226699167
38081,1,0.7282149677902062
38083,0,0.31104830724694194
38093,0,0.42904480004786155
38098,0,0.42879090517384133
38104,1,0.42537531123214095
38107,1,0.42730820851272516
38111,1,0.7328828690887375
38117,1,0.7331113847385273
38124,0,0.40866848640005543
38135,0,0.3457775662367648
38140,0,0.4181348067187368
38148,1,0.8046883178471267
38152,0,0.3559900796902419
38154,1,0.7433161349467792
38156,0,0.3370300484668728
38164,0,0.30130995695370005
38168,0,0.18148304906367727
38169,0,0.3583965648620263
38174,0,0.3029611705910419
38178,1,0.4050030366896741
38181,0,0.502991237285316
38185,0,0.3873613036756051
38188,0,0.44090192928274125
38193,0,0.47381711246999425
38205,1,0.35294255145629355
38206,0,0.5091306868494317
38221,1,0.5245063572755334
38241,0,0.4176606856889067
38248,0,0.28404328242096194
38251,0,0.4517985735184191
38263,0,0.277047230219868
38264,0,0.4051862428350011
38271,0,0.3317795607008064
38274,1,0.7871393729565088
38283,1,0.7818356459455633
38285,0,0.36888819539790296
38286,0,0.5039442393756922
38291,0,0.42979528057474914
38292,0,0.4264698833620005
38296,1,0.2945920823156996
38303,0,0.4577947509994623
38312,1,0.7010411961538549
38327,1,0.3501657140528869
38331,1,0.3949713686298922
38341,0,0.2527187126724984
38344,0,0.3154278513030332
38346,0,0.44619157315168606
38358,1,0.41776924530468856
38363,0,0.32191067438298515
38375,0,0.3053980777630885
38378,0,0.2241702047230763
38387,0,0.2956347337281906
38410,0,0.48421535595778675
38412,0,0.33649571535959
38413,0,0.4654747580091479
38421,1,0.4185746632870145
38422,1,0.40763862311553717
38423,1,0.748625656319279
38424,0,0.47053695656406225
38431,1,0.8019268576991224
38433,0,0.3942453961985774
38438,1,0.7366391495552806
38439,1,0.3942453961985774
38445,1,0.7718364528299017
38447,1,0.43342904556491635
38452,1,0.710242173468235
38457,1,0.7577074564475507
38459,0,0.3110724353647094
38462,1,0.3003193745252726
38465,1,0.5861054364294279
38471,0,0.2611049382808737
38475,0,0.38110408376847976
38480,1,0.2639120543025127
38482,0,0.38266343004867026
38483,1,0.3957773829315412
38492,0,0.24896260236606158
38507,0,0.44867109852092074
38513,0,0.2824729596364291
38516,1,0.44533922729556924
38519,0,0.42494272180815496
38520,0,0.4118135244119651
38523,0,0.27265923178933016
38524,0,0.4524187752807901
38526,0,0.44924207144889255
38531,1,0.48378087618610277
38532,0,0.29506318849458385
38535,0,0.2819392609304007
38541,1,0.4633737929631487
38544,0,0.3024508728875815
38549,0,0.474460490908274
38552,1,0.40470827261639686
38558,1,0.4417331610720431
38559,0,0.38385156656397523
38565,1,0.4088856402925838
38569,1,0.4782910160207963
38577,0,0.49391349538453205
38588,0,0.4077105752526397
38590,1,0.37487755170415926
38591,1,0.4451475048461662
38597,1,0.49872284442557285
38600,0,0.32242736297528707
38603,1,0.24211459486486622
38609,0,0.36776974026232906
38610,0,0.22806641014610027
38612,1,0.3691255189939539
38617,0,0.3095915684898492
38618,0,0.18738736136922923
38622,0,0.34457006051437555
38628,1,0.29412022187478837
38633,1,0.2583515616459265
38635,1,0.4490634471065691
38643,1,0.462962977967037
38645,0,0.2866027611060277
38656,1,0.28607336387209675
38664,0,0.2969007466787632
38667,0,0.737837410325629
38673,0,0.33093173204635945
38679,1,0.48354175821244777
38685,1,0.38135722191283034
38692,1,0.6116381136460142
38693,1,0.6836049320914928
38711,1,0.7144479241156306
38714,0,0.3459029831580857
38715,1,0.6866984322417334
38716,1,0.686140656289449
38719,0,0.278567939834828
38720,1,0.7209394752588894
38721,1,0.29957679409064214
38722,1,0.7719689934428774
38723,1,0.3795162708845438
38725,0,0.4092189726613785
38728,1,0.3913134070291056
38731,0,0.24747570142090466
38732,0,0.32467888453944765
38733,0,0.4181423209672441
38734,0,0.2781678874772399
38736,1,0.2619676820140519
38745,0,0.42048930107696636
38747,1,0.3196065822129801
38758,1,0.556819039107277
38760,1,0.6572426321355452
38769,0,0.27256092816723754
38773,1,0.30693276771170636
38781,1,0.7291108289842748
38785,1,0.33805919944074103
38792,0,0.4148691578341894
38793,1,0.37929066715630616
38797,1,0.7046307661242124
38800,1,0.6911509869416079
38802,1,0.694231781818218
38808,1,0.24378769680583032
38811,1,0.29469771481294876
38814,0,0.41748999513328405
38821,1,0.26116876370682285
38832,1,0.5833657455508703
38833,0,0.6842706817069827
38851,0,0.32810089290759503
38869,0,0.21410415895599721
38873,0,0.23968671690737325
38875,0,0.34062872430446317
38884,1,0.2984799957997138
38885,1,0.25864052794402753
38889,1,0.27107314317506565
38893,1,0.39607546160608176
38896,1,0.37537857833363425
38902,0,0.4069334751330764
38904,0,0.5372286902251302
38905,0,0.6668864930424527
38909,0,0.43196683023232824
38918,0,0.4202327018130708
38921,0,0.3543608725087026
38924,0,0.473485645515374
38925,0,0.2977646918110331
38935,1,0.309656061834597
38940,0,0.37722078276062954
38953,0,0.2863651059802048
38956,0,0.21390527189279654
38959,1,0.5102497647979845
38961,1,0.4788307989767426
38964,1,0.7846997495751196
38967,1,0.8024651991611517
38971,0,0.3607376346149093
38975,1,0.29389474860497444
38977,0,0.7967566736631974
38978,0,0.34796294668089384
38987,1,0.2934641492763084
38988,0,0.43813040805603604
38991,0,0.4292702028306547
39000,1,0.4365419456602865
39007,0,0.49153081512877494
39014,1,0.8060288930611385
39016,0,0.24752783368950912
39020,1,0.4419937462969114
39022,0,0.4513348929489049
39032,1,0.4983794313596254
39038,0,0.29355901656886146
39041,1,0.717773785940473
39042,1,0.5480785545624675
39047,0,0.7693198848089576
39049,0,0.41757986523217955
39050,0,0.5031778230448074
39060,1,0.5161038928252765
39082,1,0.4953742844688503
39094,0,0.6980178975124905
39097,0,0.23203088853723416
39100,0,0.48679449148062715
39107,0,0.4717667427835402
39116,1,0.4076545875773562
39119,1,0.49678357927774913
39125,1,0.4478823584827229
39126,0,0.521935619229404
39128,0,0.37182446649516254
39130,1,0.2725918377546974
39133,1,0.5169204617752077
39137,1,0.5615182058074113
39142,1,0.6216620669540529
39145,1,0.5782228584924417
39153,1,0.8793224336909674
39155,1,0.4088883378782931
39159,1,0.8622240203519045
39160,1,0.523018846453394
39171,1,0.5936828761027871
39180,0,0.8797053924909239
39186,0,0.8762639717569405
39191,1,0.6317470344517684
39198,1,0.8120067798725904
39210,1,0.47706275962891176
39214,0,0.41729494754399177
39217,1,0.701421426848049
39219,1,0.5667292715982272
39221,1,0.8683598376648053
39223,1,0.6317407161387801
39228,1,0.8601080566077867
39229,0,0.6144514581994077
39232,1,0.4626370261361877
39236,0,0.5173704125196225
39238,0,0.6360985826512355
39241,0,0.325796603202248
39245,1,0.5973247164131399
39259,1,0.5815554921545549
39271,0,0.40224916740275224
39272,1,0.8263712812021824
39277,1,0.5306990372141595
39281,1,0.681491521606661
39296,0,0.6636403386842912
39301,0,0.8573297397345798
39302,0,0.7973022836214119
39307,0,0.5001183062677298
39310,0,0.6287330005126451
39311,0,0.6066118026793182
39328,1,0.792478486975618
39329,1,0.8073217536201878
39330,0,0.3674356429434851
39333,1,0.41492121522038283
39337,1,0.6276210620614916
39340,1,0.8847349528133311
39345,0,0.5161480788376469
39348,1,0.8857812433548662
39351,0,0.5244277285661366
39358,0,0.713851018093791
39359,0,0.5630682905982993
39360,0,0.4525357151263596
39361,0,0.4986259279242401
39374,0,0.3084818020420974
39379,1,0.5776659552182428
39386,1,0.6684234168370057
39390,1,0.5201203202409761
39396,1,0.7467710037427078
39407,1,0.729974562072022
39418,1,0.4295533153024509
39423,1,0.20913827546114913
39425,0,0.2931699665323774
39432,1,0.6801291141309188
39433,0,0.6429588287861775
39438,1,0.23506422459832246
39439,0,0.2848964803945084
39441,1,0.3661975830105335
39449,1,0.2758960220293512
39461,0,0.46924402978066726
39467,0,0.2905636467573615
39469,0,0.2905636467573615
39472,1,0.4051404419747554
39477,0,0.3461702553897406
39480,0,0.21871797325149517
39482,0,0.48956319300976814
39489,1,0.4943373059373174
39498,1,0.7608955723443355
39500,1,0.2551434162783596
39501,1,0.4183513805904684
39502,0,0.36516926605900585
39503,1,0.2930608166493368
39505,1,0.7534584898903179
39506,0,0.4555320869447662
39524,0,0.24557861108950219
39530,1,0.26468682515372843
39544,1,0.42061673652788717
39546,0,0.48555725849058246
39547,1,0.45340389504767203
39549,1,0.7418752476026853
39551,1,0.4509165410673579
39554,1,0.28293117293936343
39572,0,0.7078034536602894
39573,0,0.23638934653659563
39585,1,0.22263581636455904
39586,1,0.43157691285986854
39604,1,0.22527308442661148
39607,1,0.6750746747134977
39608,0,0.35192955177922824
39609,0,0.27801787228141156
39611,1,0.638602415001352
39614,0,0.6801416765966103
39631,1,0.15824730790153846
39632,0,0.26550964005410344
39635,0,0.2919849593861049
39644,1,0.6606634181278958
39646,1,0.6304181066766178
39650,1,0.5472262181275441
39655,0,0.7287142931351073
39665,0,0.2543346793599491
39668,1,0.6764115258955982
39676,1,0.6951751651170531
39679,0,0.32698984060945413
39680,1,0.6282721859789441
39685,1,0.6081823356557035
39689,0,0.43198005414783613
39713,0,0.23942598031229884
39715,0,0.2049969807942184
39717,1,0.4151477472051895
39719,1,0.6481924248474196
39726,1,0.6743750235390772
39734,1,0.2864331393282543
39735,1,0.21641865689076228
39737,0,0.3033308706018281
39739,1,0.37832156627969493
39743,0,0.26490384783006937
39769,0,0.6250026510914563
39777,0,0.6151215236689191
39778,0,0.18941187185924985
39780,0,0.20718121214555416
39781,0,0.3547228577034035
39785,1,0.4664467167315424
39786,1,0.2078412144710577
39787,1,0.6147826679882766
39795,1,0.3080179285503692
39799,0,0.18233582958426542
39803,1,0.6659308935058226
39814,0,0.1511400087622998
39815,0,0.1607421230816162
39817,0,0.1497311930945224
39820,1,0.6424612651736816
39832,0,0.22139178447048335
39833,0,0.5331436771588794
39834,1,0.26887221282661733
39841,1,0.6730562502115871
39843,1,0.4368602487418508
39849,1,0.3141821891724553
39853,1,0.28397207702164884
39861,0,0.17383579124017615
39863,1,0.2020598202967235
39867,1,0.6467119157751979
39869,1,0.20986689869660802
39878,0,0.10465093385096805
39879,1,0.3432089733032944
39880,1,0.7282727793918179
39885,1,0.2931604368293779
39894,0,0.6857017948439781
39897,0,0.36150056502262645
39902,0,0.346786664638988
39905,1,0.6570128857211908
39907,1,0.6734045464387932
39908,0,0.6709055976505689
39911,1,0.7135487897973423
39912,1,0.6622664865066111
39914,1,0.38032882462674794
39926,0,0.3463424126307752
39929,0,0.6765994592334997
39933,0,0.1726391566353503
39934,0,0.20363598200444666
39945,0,0.29471871393786236
39957,1,0.2782364364690116
39962,1,0.16240714678253604
39967,0,0.2791528790248928
39968,0,0.16240714678253604
39976,1,0.7280074841799505
39983,1,0.6416271325852453
39992,1,0.4842008638896842
39993,1,0.6832377282002793
40003,0,0.3735490750501621
40006,0,0.22709325245739062
40013,0,0.41333140091036946
40016,0,0.4560505631582974
40029,0,0.4511339408913664
40034,0,0.3277788662166946
40037,0,0.5374091079062543
40040,0,0.8537910178609354
40043,1,0.42266087870791375
40044,0,0.8503843136630523
40058,0,0.5733726475811398
40060,1,0.5184976387520367
40072,0,0.5634123052674941
40075,0,0.25060932363246163
40076,0,0.560734883846665
40078,1,0.871381804363947
40081,0,0.5008077635037066
40083,1,0.5669888430430149
40087,0,0.38361375367545486
40088,0,0.3832393309616112
40097,1,0.5317369838602921
40105,1,0.8334782701578002
40114,1,0.6299453734292733
40116,1,0.4406162662336589
40123,1,0.8582427849937861
40131,1,0.8432169193643354
40133,0,0.3910277707767537
40138,1,0.5520323166200258
40143,1,0.6241371939963594
40144,1,0.5487588641628333
40160,0,0.8548913440407011
40161,1,0.8326913091978143
40163,1,0.8594366229370812
40165,1,0.427705301083224
40166,0,0.8535749966950434
40168,1,0.8363240972753881
40172,1,0.8360163197341582
40173,0,0.8556393406040825
40185,0,0.48060963449372135
40187,0,0.4056109120236689
40222,0,0.434677301899874
40227,1,0.5639068333901489
40237,0,0.3096388012199217
40247,1,0.5677476900735141
40248,0,0.42475300923085707
40254,0,0.3546832268376589
40257,0,0.7816204250051986
40266,1,0.5750825112701174
40269,0,0.41988003040812205
40276,1,0.8801059617240515
40277,0,0.6449048496737915
40288,0,0.866454745770169
40290,0,0.41945840339823326
40303,0,0.5655073221921628
40318,0,0.6342425335789008
40334,0,0.42777344430627623
40335,1,0.7416049533866907
40343,0,0.42936636624872954
40346,0,0.7867542459327594
40356,1,0.3430329220914598
40358,1,0.8645166773471072
40359,1,0.8398175820184864
40360,1,0.852165258306446
40368,1,0.8815919367926183
40378,0,0.644498723429556
40384,1,0.8505465268593414
40394,1,0.5955399771601564
40396,0,0.49959867144364767
40397,0,0.4274932952848911
40406,1,0.5856150019947046
40410,1,0.6373447634364185
40413,1,0.868191196566045
40422,0,0.45894403384330024
40424,1,0.610710892090419
40425,0,0.852383917564902
40428,1,0.40790801099577745
40434,0,0.8106232534163358
40440,1,0.505996829315916
40449,1,0.43659050577964403
40450,1,0.8982716707492303
40452,1,0.8617451557464201
40453,0,0.6041405354022478
40469,1,0.8843274045770682
40473,1,0.8496934362194118
40475,1,0.5564306530297165
40476,1,0.8435093524584096
40487,1,0.8373646079511113
40490,1,0.7371528828549981
40510,1,0.7958035696598161
40514,1,0.7965675166251751
40518,0,0.5225446540433488
40527,0,0.22731291522789918
40532,0,0.4549736210363095
40535,0,0.4006640580704951
40550,0,0.535285532309358
40552,1,0.8568148067389482
40557,1,0.3914532054760321
40561,1,0.2692352320843105
40567,1,0.7267794729706231
40572,0,0.2624451045932395
40579,0,0.2094775019417674
40584,1,0.2646700978416065
40585,1,0.3839748815679461
40586,1,0.7806619286606644
40587,0,0.2632483042530365
40590,0,0.26105174492041167
40600,0,0.24872198646216495
40606,0,0.3712128809578001
40621,0,0.38753688461877744
40622,0,0.21132048386727814
40632,0,0.1817815059190636
40633,0,0.644454259925149
40635,0,0.2701581941108805
40637,0,0.3631623065804079
40648,1,0.4040607342205911
40649,0,0.37382996360539755
40651,1,0.4332992676523063
40659,1,0.375789140486956
40665,1,0.3997405073348471
40670,1,0.694714060546616
40681,0,0.3769571789044256
40686,1,0.7154606167657608
40692,1,0.35210169598615054
40708,0,0.20260283772041388
40712,0,0.2544511343810774
40713,0,0.7202529476349498
40717,1,0.29049019351141875
40719,0,0.15381165550548764
40728,1,0.7472188447540095
40730,1,0.4816975168425966
40734,1,0.7411988721935263
40736,1,0.40125246020821326
40739,0,0.30349928544710286
40740,1,0.425043185309503
40742,0,0.41068689862706564
40754,1,0.30959369962832534
40758,1,0.525882518106295
40780,1,0.7158431433454602
40787,1,0.25554488929989166
40795,0,0.3936024528075276
40798,1,0.3982860070953689
40801,1,0.39876148800242844
40802,0,0.4035006149997991
40806,0,0.2501319301178645
40808,0,0.36765447910619886
40812,0,0.38361386811904513
40823,1,0.3706737445776959
40826,0,0.19860603998318135
40836,0,0.6839855480591528
40838,1,0.3144429056776807
40841,0,0.24593528894211486
40853,0,0.28836209879015223
40857,0,0.8297652909228136
40862,0,0.34278867599624996
40863,0,0.23139141566722501
40868,1,0.515448132271666
40870,1,0.615995980846608
40872,1,0.46217961892816317
40900,1,0.22778343241730645
40922,0,0.3773955921457223
40923,0,0.31857402117323336
40927,1,0.7573125277930965
40934,0,0.49012233720866677
40936,0,0.601838808755709
40940,1,0.7060282412107377
40941,1,0.7694021388413258
40942,1,0.7962515464250316
40945,1,0.766574943046424
40949,0,0.45886836844938295
40954,1,0.7316408587246651
40958,0,0.7663422838247635
40967,0,0.30545976206535347
40971,0,0.30936041309239415
40976,1,0.683919001823838
40983,0,0.7332635758382962
40984,0,0.3603080236516764
40990,1,0.7981365020875815
40996,1,0.3970159720756208
41000,1,0.2873869416129067
41003,1,0.704324000830782
41007,1,0.7529061337005957
41032,1,0.7046507411039392
41046,1,0.3399720580789142
41060,0,0.15551586828677086
41062,0,0.21887486814349177
41071,0,0.4470031772227986
41073,0,0.25557146611901743
41077,1,0.60677979246286
41078,1,0.6995456698178738
41079,0,0.5991893464166568
41082,0,0.16231416471723115
41088,1,0.5834203938368344
41091,0,0.46081892817966214
41092,1,0.7076836852148566
41098,1,0.7382301956624723
41102,0,0.2744582871557117
41104,0,0.24209897974219524
41111,0,0.33901903218284457
41112,0,0.27418564806175544
41119,1,0.4140806578492353
41138,1,0.4104288635912395
41141,1,0.40443342770384094
41146,1,0.40393419571809014
41151,1,0.6808393699490127
41155,0,0.22489001149365137
41156,1,0.3401020870230117
41158,1,0.3911253037270343
41161,0,0.3087607650996117
41163,1,0.6873376348889861
41166,1,0.2014858537180762
41168,0,0.442896020017852
41178,1,0.7741250934227278
